Fecha,PIB anual,Var. PIB (%),Estado
2021,214.856 M€,"5,1%",alabama
2020,202.147 M€,"-1,8%",alabama
2019,206.844 M€,"1,5%",alabama
2018,189.551 M€,"1,7%",alabama
2017,189.968 M€,"1,4%",alabama
2016,187.342 M€,"1,5%",alabama
2015,182.400 M€,"1,6%",alabama
2014,148.594 M€,"0,9%",alabama
2013,146.666 M€,"0,8%",alabama
2012,147.296 M€,"1,0%",alabama
2011,132.124 M€,"0,9%",alabama
2010,133.702 M€,"2,2%",alabama
2009,122.549 M€,"-3,3%",alabama
2008,118.661 M€,"-0,3%",alabama
2007,126.213 M€,"0,2%",alabama
2006,132.581 M€,"1,4%",alabama
2005,127.680 M€,"2,8%",alabama
2004,118.752 M€,"5,7%",alabama
2003,118.593 M€,"2,4%",alabama
2002,134.840 M€,"2,7%",alabama
2001,137.244 M€,"0,9%",alabama
2000,129.766 M€,"1,6%",alabama
1999,108.538 M€,"3,8%",alabama
2021,48.490 M€,"0,3%",alaska
2020,44.191 M€,"-5,1%",alaska
2019,48.886 M€,"0,2%",alaska
2018,46.486 M€,"-1,8%",alaska
2017,47.182 M€,"0,1%",alaska
2016,45.829 M€,"-0,9%",alaska
2015,46.409 M€,"-0,5%",alaska
2014,42.518 M€,"-3,5%",alaska
2013,43.105 M€,"-5,3%",alaska
2012,45.364 M€,"5,5%",alaska
2011,40.874 M€,"3,5%",alaska
2010,40.229 M€,"-1,5%",alaska
2009,35.817 M€,"8,8%",alaska
2008,37.478 M€,"1,3%",alaska
2007,36.179 M€,"5,0%",alaska
2006,35.914 M€,"6,4%",alaska
2005,32.438 M€,"2,5%",alaska
2004,28.380 M€,"4,3%",alaska
2003,28.322 M€,"-0,7%",alaska
2002,31.469 M€,"2,8%",alaska
2001,31.816 M€,"4,3%",alaska
2000,29.024 M€,"-1,7%",alaska
1999,23.217 M€,"-0,7%",alaska
2021,355.142 M€,"6,3%",arizona
2020,334.506 M€,"0,6%",arizona
2019,332.643 M€,"3,4%",arizona
2018,297.950 M€,"3,7%",arizona
2017,293.885 M€,"4,2%",arizona
2016,282.845 M€,"3,1%",arizona
2015,269.845 M€,"0,9%",arizona
2014,216.535 M€,"1,8%",arizona
2013,209.767 M€,"0,1%",arizona
2012,211.270 M€,"2,1%",arizona
2011,187.439 M€,"1,7%",arizona
2010,189.449 M€,"0,7%",arizona
2009,176.674 M€,"-8,2%",arizona
2008,178.764 M€,"-2,9%",arizona
2007,190.727 M€,"2,7%",arizona
2006,195.888 M€,"5,8%",arizona
2005,183.197 M€,"7,8%",arizona
2004,166.043 M€,"3,6%",arizona
2003,171.177 M€,"5,7%",arizona
2002,190.908 M€,"2,7%",arizona
2001,191.949 M€,"2,2%",arizona
2000,178.769 M€,"5,2%",arizona
1999,146.140 M€,"8,6%",arizona
2021,125.709 M€,"5,2%",arkansas
2020,117.290 M€,"0,1%",arkansas
2019,117.533 M€,"1,1%",arkansas
2018,107.990 M€,"1,8%",arkansas
2017,108.406 M€,"0,9%",arkansas
2016,107.645 M€,"0,4%",arkansas
2015,106.162 M€,"1,5%",arkansas
2014,87.421 M€,"2,1%",arkansas
2013,85.255 M€,"2,6%",arkansas
2012,84.443 M€,"0,1%",arkansas
2011,75.983 M€,"2,0%",arkansas
2010,76.553 M€,"3,2%",arkansas
2009,69.908 M€,"-2,7%",arkansas
2008,67.791 M€,"0,6%",arkansas
2007,71.785 M€,"0,2%",arkansas
2006,76.358 M€,"3,0%",arkansas
2005,73.055 M€,"2,8%",arkansas
2004,68.494 M€,"4,6%",arkansas
2003,69.568 M€,"4,2%",arkansas
2002,78.378 M€,"2,9%",arkansas
2001,78.848 M€,"-0,1%",arkansas
2000,74.360 M€,"0,7%",arkansas
1999,62.687 M€,"5,3%",arkansas
2021,2.852.152 M€,"7,8%",california
2020,2.644.172 M€,"-2,3%",california
2019,2.717.905 M€,"3,2%",california
2018,2.453.176 M€,"4,2%",california
2017,2.415.458 M€,"4,5%",california
2016,2.321.469 M€,"3,0%",california
2015,2.229.433 M€,"4,1%",california
2014,1.757.837 M€,"3,1%",california
2013,1.671.854 M€,"2,6%",california
2012,1.644.689 M€,"2,4%",california
2011,1.453.664 M€,"1,4%",california
2010,1.474.008 M€,"0,9%",california
2009,1.355.152 M€,"-4,4%",california
2008,1.322.202 M€,"0,4%",california
2007,1.385.554 M€,"1,6%",california
2006,1.443.302 M€,"3,2%",california
2005,1.365.293 M€,"4,0%",california
2004,1.276.773 M€,"4,2%",california
2003,1.324.186 M€,"4,0%",california
2002,1.500.031 M€,"2,5%",california
2001,1.536.134 M€,"-0,3%",california
2000,1.469.224 M€,"7,6%",california
1999,1.165.228 M€,"7,5%",california
2021,559.838 M€,"7,0%",carolina del norte
2020,524.353 M€,"-1,2%",carolina del norte
2019,531.059 M€,"2,3%",carolina del norte
2018,480.810 M€,"1,3%",carolina del norte
2017,485.547 M€,"2,5%",carolina del norte
2016,475.228 M€,"1,7%",carolina del norte
2015,458.701 M€,"2,7%",carolina del norte
2014,363.712 M€,"2,1%",carolina del norte
2013,348.068 M€,"1,3%",carolina del norte
2012,346.432 M€,"-0,3%",carolina del norte
2011,310.146 M€,"1,0%",carolina del norte
2010,316.835 M€,"1,2%",carolina del norte
2009,294.778 M€,"-3,1%",carolina del norte
2008,284.739 M€,"2,2%",carolina del norte
2007,292.952 M€,"-0,1%",carolina del norte
2006,308.637 M€,"5,2%",carolina del norte
2005,285.724 M€,"4,6%",carolina del norte
2004,265.197 M€,"3,4%",carolina del norte
2003,274.389 M€,"2,3%",carolina del norte
2002,314.981 M€,"1,5%",carolina del norte
2001,321.650 M€,"2,5%",carolina del norte
2000,301.005 M€,"3,2%",carolina del norte
1999,248.992 M€,"6,1%",carolina del norte
2021,228.124 M€,"6,2%",carolina del sur
2020,214.813 M€,"-2,4%",carolina del sur
2019,219.730 M€,"3,0%",carolina del sur
2018,197.503 M€,"2,3%",carolina del sur
2017,197.634 M€,"2,3%",carolina del sur
2016,194.345 M€,"3,1%",carolina del sur
2015,185.504 M€,"1,9%",carolina del sur
2014,146.295 M€,"2,5%",carolina del sur
2013,139.304 M€,"1,1%",carolina del sur
2012,138.246 M€,"0,2%",carolina del sur
2011,123.617 M€,"2,1%",carolina del sur
2010,125.111 M€,"1,8%",carolina del sur
2009,116.012 M€,"-3,7%",carolina del sur
2008,111.427 M€,"-0,8%",carolina del sur
2007,118.750 M€,"2,4%",carolina del sur
2006,122.370 M€,"2,2%",carolina del sur
2005,116.875 M€,"2,6%",carolina del sur
2004,110.123 M€,"0,7%",carolina del sur
2003,116.307 M€,"3,5%",carolina del sur
2002,132.047 M€,"2,1%",carolina del sur
2001,133.406 M€,"0,8%",carolina del sur
2000,124.860 M€,"2,3%",carolina del sur
1999,103.436 M€,"4,4%",carolina del sur
2021,368.952 M€,"5,8%",colorado
2020,342.552 M€,"-1,4%",colorado
2019,352.420 M€,"4,6%",colorado
2018,315.167 M€,"3,9%",colorado
2017,309.070 M€,"3,4%",colorado
2016,298.050 M€,"2,1%",colorado
2015,289.068 M€,"3,6%",colorado
2014,233.002 M€,"4,1%",colorado
2013,219.969 M€,"2,1%",colorado
2012,215.460 M€,"2,4%",colorado
2011,192.181 M€,"1,2%",colorado
2010,194.841 M€,"1,3%",colorado
2009,180.117 M€,"-1,1%",colorado
2008,176.007 M€,"1,5%",colorado
2007,181.282 M€,"2,1%",colorado
2006,185.287 M€,"1,7%",colorado
2005,177.465 M€,"4,5%",colorado
2004,164.135 M€,"1,8%",colorado
2003,173.379 M€,"0,9%",colorado
2002,200.951 M€,"0,6%",colorado
2001,208.459 M€,"1,7%",colorado
2000,194.958 M€,"7,4%",colorado
1999,153.653 M€,"7,2%",colorado
2021,252.300 M€,"4,8%",connecticut
2020,241.834 M€,"-6,5%",connecticut
2019,257.737 M€,"1,0%",connecticut
2018,237.022 M€,"0,8%",connecticut
2017,240.279 M€,"1,5%",connecticut
2016,238.206 M€,"0,2%",connecticut
2015,233.878 M€,"0,6%",connecticut
2014,185.621 M€,"1,2%",connecticut
2013,181.852 M€,"-0,4%",connecticut
2012,187.509 M€,"0,2%",connecticut
2011,167.499 M€,"-0,7%",connecticut
2010,177.039 M€,"0,9%",connecticut
2009,167.257 M€,"-4,7%",connecticut
2008,162.454 M€,"-3,6%",connecticut
2007,171.135 M€,"3,8%",connecticut
2006,175.031 M€,"3,3%",connecticut
2005,164.950 M€,"1,7%",connecticut
2004,157.050 M€,"6,5%",connecticut
2003,157.976 M€,"1,9%",connecticut
2002,183.215 M€,"-0,4%",connecticut
2001,191.175 M€,"1,0%",connecticut
2000,179.314 M€,"6,4%",connecticut
1999,142.886 M€,"2,6%",connecticut
2021,53.741 M€,"0,3%",dakota del norte
2020,47.647 M€,"-4,8%",dakota del norte
2019,52.880 M€,"0,8%",dakota del norte
2018,50.168 M€,"3,2%",dakota del norte
2017,49.035 M€,"2,3%",dakota del norte
2016,46.968 M€,"-6,3%",dakota del norte
2015,50.470 M€,"-2,1%",dakota del norte
2014,45.108 M€,"6,0%",dakota del norte
2013,40.864 M€,"2,1%",dakota del norte
2012,40.343 M€,"21,7%",dakota del norte
2011,29.876 M€,"11,5%",dakota del norte
2010,26.911 M€,"8,2%",dakota del norte
2009,23.104 M€,"2,4%",dakota del norte
2008,21.671 M€,"9,8%",dakota del norte
2007,21.215 M€,"3,3%",dakota del norte
2006,21.106 M€,"4,1%",dakota del norte
2005,19.854 M€,"2,9%",dakota del norte
2004,18.698 M€,"0,8%",dakota del norte
2003,19.502 M€,"6,4%",dakota del norte
2002,21.356 M€,"5,4%",dakota del norte
2001,21.091 M€,"2,1%",dakota del norte
2000,19.597 M€,"3,2%",dakota del norte
1999,16.014 M€,"0,1%",dakota del norte
2021,52.156 M€,"4,6%",dakota del sur
2020,48.749 M€,"1,6%",dakota del sur
2019,48.237 M€,"0,8%",dakota del sur
2018,44.284 M€,"1,2%",dakota del sur
2017,44.465 M€,"-0,7%",dakota del sur
2016,44.405 M€,"0,9%",dakota del sur
2015,43.326 M€,"1,8%",dakota del sur
2014,35.217 M€,"0,4%",dakota del sur
2013,34.155 M€,"1,3%",dakota del sur
2012,34.170 M€,"-0,9%",dakota del sur
2011,30.095 M€,"7,1%",dakota del sur
2010,28.553 M€,"1,6%",dakota del sur
2009,26.121 M€,"1,0%",dakota del sur
2008,24.886 M€,"4,3%",dakota del sur
2007,25.591 M€,"3,5%",dakota del sur
2006,25.776 M€,"0,4%",dakota del sur
2005,24.916 M€,"1,2%",dakota del sur
2004,23.532 M€,"3,3%",dakota del sur
2003,24.059 M€,"2,8%",dakota del sur
2002,27.836 M€,"10,8%",dakota del sur
2001,26.141 M€,"2,5%",dakota del sur
2000,24.625 M€,"7,2%",dakota del sur
1999,19.777 M€,"5,0%",dakota del sur
2021,68.623 M€,"3,4%",delaware
2020,66.379 M€,"-2,9%",delaware
2019,68.713 M€,"4,4%",delaware
2018,61.108 M€,"1,8%",delaware
2017,60.461 M€,"-4,2%",delaware
2016,62.657 M€,"-5,7%",delaware
2015,64.816 M€,"2,0%",delaware
2014,51.453 M€,"4,3%",delaware
2013,46.470 M€,"-1,2%",delaware
2012,48.533 M€,"-1,0%",delaware
2011,44.089 M€,"1,8%",delaware
2010,43.874 M€,"0,6%",delaware
2009,41.475 M€,"4,0%",delaware
2008,37.707 M€,"-5,8%",delaware
2007,41.308 M€,"-0,8%",delaware
2006,43.943 M€,"2,5%",delaware
2005,41.921 M€,"1,6%",delaware
2004,41.284 M€,"6,6%",delaware
2003,42.155 M€,"4,5%",delaware
2002,48.126 M€,"-2,4%",delaware
2001,51.470 M€,"1,8%",delaware
2000,47.046 M€,"3,6%",delaware
1999,37.854 M€,"7,7%",delaware
2021,1.061.603 M€,"8,4%",florida
2020,977.698 M€,"-1,6%",florida
2019,992.758 M€,"2,6%",florida
2018,895.220 M€,"3,2%",florida
2017,887.974 M€,"3,5%",florida
2016,861.282 M€,"3,4%",florida
2015,818.855 M€,"3,1%",florida
2014,641.093 M€,"2,6%",florida
2013,611.213 M€,"2,3%",florida
2012,605.966 M€,"1,8%",florida
2011,542.557 M€,"-0,7%",florida
2010,563.422 M€,"0,1%",florida
2009,527.259 M€,"-6,3%",florida
2008,518.997 M€,"-4,1%",florida
2007,571.115 M€,"0,4%",florida
2006,597.741 M€,"3,5%",florida
2005,567.359 M€,"6,7%",florida
2004,519.841 M€,"5,6%",florida
2003,521.997 M€,"4,2%",florida
2002,584.825 M€,"3,9%",florida
2001,579.565 M€,"2,8%",florida
2000,530.998 M€,"4,0%",florida
1999,429.779 M€,"4,4%",florida
2021,584.786 M€,"7,0%",georgia
2020,547.562 M€,"-3,5%",georgia
2019,569.891 M€,"3,5%",georgia
2018,510.048 M€,"2,8%",georgia
2017,507.902 M€,"3,4%",georgia
2016,494.667 M€,"3,6%",georgia
2015,469.588 M€,"2,6%",georgia
2014,368.897 M€,"2,5%",georgia
2013,349.938 M€,"1,6%",georgia
2012,348.509 M€,"1,4%",georgia
2011,310.096 M€,"1,1%",georgia
2010,315.374 M€,"0,3%",georgia
2009,293.656 M€,"-4,0%",georgia
2008,283.096 M€,"-2,0%",georgia
2007,306.170 M€,"1,8%",georgia
2006,323.364 M€,"1,6%",georgia
2005,313.108 M€,"3,9%",georgia
2004,293.257 M€,"2,6%",georgia
2003,302.843 M€,"2,0%",georgia
2002,345.866 M€,"0,5%",georgia
2001,354.484 M€,"1,1%",georgia
2000,330.849 M€,"3,5%",georgia
1999,271.334 M€,"6,8%",georgia
2021,77.024 M€,"6,3%",hawai
2020,72.260 M€,"-11,5%",hawai
2019,82.102 M€,"-0,8%",hawai
2018,76.487 M€,"1,1%",hawai
2017,77.204 M€,"2,1%",hawai
2016,75.810 M€,"1,9%",hawai
2015,73.213 M€,"1,7%",hawai
2014,57.789 M€,"0,8%",hawai
2013,56.137 M€,"0,8%",hawai
2012,55.966 M€,"1,3%",hawai
2011,49.629 M€,"1,4%",hawai
2010,50.443 M€,"2,7%",hawai
2009,46.279 M€,"-3,5%",hawai
2008,44.655 M€,"0,5%",hawai
2007,46.818 M€,"1,6%",hawai
2006,48.460 M€,"2,5%",hawai
2005,46.113 M€,"5,3%",hawai
2004,42.088 M€,"6,4%",hawai
2003,42.580 M€,"4,6%",hawai
2002,47.213 M€,"2,9%",hawai
2001,47.550 M€,"-0,2%",hawai
2000,44.496 M€,"1,8%",hawai
1999,36.583 M€,"1,3%",hawai
2021,81.409 M€,"6,6%",idaho
2020,75.230 M€,"1,3%",idaho
2019,74.004 M€,"4,7%",idaho
2018,65.534 M€,"5,9%",idaho
2017,63.495 M€,"2,2%",idaho
2016,62.189 M€,"3,8%",idaho
2015,59.396 M€,"1,9%",idaho
2014,48.608 M€,"2,1%",idaho
2013,46.560 M€,"2,5%",idaho
2012,45.395 M€,"0,4%",idaho
2011,40.906 M€,"0,1%",idaho
2010,41.931 M€,"1,3%",idaho
2009,38.761 M€,"-4,5%",idaho
2008,38.211 M€,"0,1%",idaho
2007,39.354 M€,"2,5%",idaho
2006,40.718 M€,"5,4%",idaho
2005,39.099 M€,"6,0%",idaho
2004,35.636 M€,"4,9%",idaho
2003,35.794 M€,"3,2%",idaho
2002,40.898 M€,"2,5%",idaho
2001,41.859 M€,"-2,7%",idaho
2000,41.233 M€,"11,5%",idaho
1999,32.126 M€,"9,9%",idaho
2021,799.589 M€,"6,2%",illinois
2020,750.256 M€,"-5,4%",illinois
2019,794.587 M€,"0,6%",illinois
2018,732.990 M€,"2,5%",illinois
2017,730.206 M€,"0,5%",illinois
2016,729.102 M€,"-0,3%",illinois
2015,720.983 M€,"2,3%",illinois
2014,580.622 M€,"1,0%",illinois
2013,558.031 M€,"-0,7%",illinois
2012,565.379 M€,"2,3%",illinois
2011,497.759 M€,"1,9%",illinois
2010,502.681 M€,"0,9%",illinois
2009,465.918 M€,"-2,7%",illinois
2008,445.103 M€,"-2,2%",illinois
2007,474.385 M€,"1,0%",illinois
2006,497.167 M€,"2,7%",illinois
2005,474.087 M€,"1,7%",illinois
2004,452.658 M€,"2,5%",illinois
2003,471.201 M€,"1,5%",illinois
2002,543.952 M€,"0,3%",illinois
2001,560.019 M€,"-0,2%",illinois
2000,527.300 M€,"3,4%",illinois
1999,431.911 M€,"3,4%",illinois
2021,349.180 M€,"5,8%",indiana
2020,327.247 M€,"-3,1%",indiana
2019,340.449 M€,"0,5%",indiana
2018,316.001 M€,"3,5%",indiana
2017,312.119 M€,"1,7%",indiana
2016,307.616 M€,"1,9%",indiana
2015,299.185 M€,"1,7%",indiana
2014,246.864 M€,"2,2%",indiana
2013,235.026 M€,"2,2%",indiana
2012,233.899 M€,"0,2%",indiana
2011,209.308 M€,"0,4%",indiana
2010,213.142 M€,"6,3%",indiana
2009,188.792 M€,"-6,3%",indiana
2008,187.339 M€,"-0,6%",indiana
2007,199.569 M€,"2,4%",indiana
2006,206.756 M€,"2,0%",indiana
2005,199.478 M€,0%,indiana
2004,192.735 M€,"3,6%",indiana
2003,199.295 M€,"3,6%",indiana
2002,225.082 M€,"2,4%",indiana
2001,229.423 M€,"-2,0%",indiana
2000,220.659 M€,"3,1%",indiana
1999,181.223 M€,"3,2%",indiana
2021,183.360 M€,"5,1%",iowa
2020,172.459 M€,"-1,6%",iowa
2019,174.818 M€,"0,1%",iowa
2018,162.165 M€,"1,6%",iowa
2017,163.372 M€,"0,3%",iowa
2016,163.530 M€,"-0,4%",iowa
2015,162.505 M€,"0,8%",iowa
2014,130.294 M€,"2,8%",iowa
2013,122.130 M€,"0,6%",iowa
2012,123.395 M€,"3,7%",iowa
2011,106.665 M€,"2,5%",iowa
2010,107.290 M€,"2,2%",iowa
2009,98.146 M€,"-1,8%",iowa
2008,93.520 M€,"-2,2%",iowa
2007,100.642 M€,"3,6%",iowa
2006,101.861 M€,"1,2%",iowa
2005,99.020 M€,"2,5%",iowa
2004,94.211 M€,"7,8%",iowa
2003,92.931 M€,"4,4%",iowa
2002,104.227 M€,"2,8%",iowa
2001,105.893 M€,"-1,9%",iowa
2000,100.814 M€,"5,0%",iowa
1999,82.363 M€,"2,1%",iowa
2021,161.817 M€,"2,5%",kansas
2020,155.473 M€,"-0,9%",kansas
2019,157.717 M€,"0,7%",kansas
2018,145.930 M€,"2,1%",kansas
2017,146.218 M€,"1,2%",kansas
2016,144.955 M€,"3,3%",kansas
2015,139.665 M€,"0,2%",kansas
2014,113.047 M€,"1,2%",kansas
2013,108.789 M€,"-0,8%",kansas
2012,110.382 M€,"0,6%",kansas
2011,97.959 M€,"3,7%",kansas
2010,96.999 M€,"3,3%",kansas
2009,89.869 M€,"-3,9%",kansas
2008,87.438 M€,"1,3%",kansas
2007,90.389 M€,"4,2%",kansas
2006,90.866 M€,"3,5%",kansas
2005,84.821 M€,"2,7%",kansas
2004,79.655 M€,"0,7%",kansas
2003,84.300 M€,"2,6%",kansas
2002,96.853 M€,"1,6%",kansas
2001,99.245 M€,"0,3%",kansas
2000,93.221 M€,"2,7%",kansas
1999,76.828 M€,"3,0%",kansas
2021,200.543 M€,"5,0%",kentucky
2020,189.867 M€,"-2,4%",kentucky
2019,195.172 M€,"2,7%",kentucky
2018,176.595 M€,"1,1%",kentucky
2017,178.695 M€,"1,0%",kentucky
2016,177.509 M€,"0,7%",kentucky
2015,174.325 M€,"1,1%",kentucky
2014,141.501 M€,"1,1%",kentucky
2013,138.939 M€,"1,0%",kentucky
2012,138.655 M€,"1,1%",kentucky
2011,123.266 M€,"1,8%",kentucky
2010,125.525 M€,"4,6%",kentucky
2009,112.905 M€,"-3,9%",kentucky
2008,108.705 M€,"-0,1%",kentucky
2007,114.676 M€,"-1,1%",kentucky
2006,122.179 M€,"2,6%",kentucky
2005,116.559 M€,"2,9%",kentucky
2004,108.955 M€,"2,4%",kentucky
2003,113.138 M€,"2,1%",kentucky
2002,129.479 M€,"2,6%",kentucky
2001,131.362 M€,"0,5%",kentucky
2000,123.613 M€,"-2,9%",kentucky
1999,108.000 M€,"3,5%",kentucky
2021,218.628 M€,"1,3%",luisiana
2020,203.579 M€,"-7,9%",luisiana
2019,228.211 M€,"-0,1%",luisiana
2018,217.339 M€,"1,7%",luisiana
2017,213.520 M€,"2,2%",luisiana
2016,205.159 M€,"-2,0%",luisiana
2015,211.909 M€,"1,7%",luisiana
2014,181.210 M€,"1,9%",luisiana
2013,173.807 M€,"-2,6%",luisiana
2012,183.207 M€,"0,6%",luisiana
2011,165.190 M€,"-4,5%",luisiana
2010,169.955 M€,"4,8%",luisiana
2009,146.908 M€,"1,7%",luisiana
2008,144.406 M€,"0,4%",luisiana
2007,148.151 M€,"-3,1%",luisiana
2006,165.478 M€,"-1,8%",luisiana
2005,160.433 M€,"5,4%",luisiana
2004,137.476 M€,"3,7%",luisiana
2003,137.104 M€,"4,3%",luisiana
2002,147.844 M€,"1,5%",luisiana
2001,153.976 M€,"1,9%",luisiana
2000,143.613 M€,"-3,2%",luisiana
1999,118.040 M€,"1,9%",luisiana
2021,65.920 M€,"6,2%",maine
2020,61.933 M€,"0,6%",maine
2019,61.358 M€,"2,5%",maine
2018,55.442 M€,"2,9%",maine
2017,55.106 M€,"1,6%",maine
2016,54.435 M€,"2,1%",maine
2015,52.394 M€,"0,4%",maine
2014,42.462 M€,"1,1%",maine
2013,41.014 M€,"-0,8%",maine
2012,41.781 M€,"-0,1%",maine
2011,37.770 M€,"-1,2%",maine
2010,39.418 M€,"1,1%",maine
2009,36.653 M€,"-1,8%",maine
2008,34.480 M€,"-0,7%",maine
2007,36.818 M€,"-0,7%",maine
2006,39.061 M€,"1,4%",maine
2005,37.841 M€,"0,2%",maine
2004,36.345 M€,"3,5%",maine
2003,37.407 M€,"2,4%",maine
2002,42.794 M€,"2,5%",maine
2001,43.106 M€,"1,7%",maine
2000,39.942 M€,"3,9%",maine
1999,32.289 M€,"4,7%",maine
2021,375.353 M€,"4,6%",maryland
2020,359.771 M€,"-4,3%",maryland
2019,375.499 M€,"0,0%",maryland
2018,347.851 M€,"0,5%",maryland
2017,354.215 M€,"1,7%",maryland
2016,350.288 M€,"3,4%",maryland
2015,333.238 M€,"1,5%",maryland
2014,265.534 M€,"1,6%",maryland
2013,256.440 M€,"-0,1%",maryland
2012,258.813 M€,"0,4%",maryland
2011,234.397 M€,"1,5%",maryland
2010,237.405 M€,"2,6%",maryland
2009,214.441 M€,"-0,2%",maryland
2008,200.843 M€,"0,9%",maryland
2007,206.469 M€,"1,4%",maryland
2006,218.338 M€,"1,9%",maryland
2005,210.674 M€,"3,7%",maryland
2004,197.061 M€,"4,6%",maryland
2003,202.404 M€,"2,8%",maryland
2002,230.369 M€,"3,5%",maryland
2001,229.992 M€,"4,0%",maryland
2000,207.905 M€,"3,3%",maryland
1999,169.133 M€,"4,0%",maryland
2021,542.261 M€,"6,6%",massachusetts
2020,512.301 M€,"-2,8%",massachusetts
2019,526.936 M€,"2,5%",massachusetts
2018,476.761 M€,"3,9%",massachusetts
2017,470.043 M€,"1,6%",massachusetts
2016,464.936 M€,"1,6%",massachusetts
2015,449.618 M€,"2,0%",massachusetts
2014,354.135 M€,"1,8%",massachusetts
2013,342.084 M€,"-0,6%",massachusetts
2012,344.736 M€,"2,3%",massachusetts
2011,305.692 M€,"2,3%",massachusetts
2010,310.128 M€,"3,4%",massachusetts
2009,279.972 M€,"-2,2%",massachusetts
2008,265.691 M€,"0,1%",massachusetts
2007,276.191 M€,"2,6%",massachusetts
2006,286.134 M€,"1,6%",massachusetts
2005,274.892 M€,"1,6%",massachusetts
2004,262.672 M€,"2,1%",massachusetts
2003,275.096 M€,"2,5%",massachusetts
2002,319.201 M€,"0,5%",massachusetts
2001,331.475 M€,"1,0%",massachusetts
2000,312.680 M€,"8,0%",massachusetts
1999,248.306 M€,"5,3%",massachusetts
2021,483.813 M€,"7,4%",michigan
2020,455.354 M€,"-4,0%",michigan
2019,475.406 M€,"0,1%",michigan
2018,440.512 M€,"2,0%",michigan
2017,444.481 M€,"1,2%",michigan
2016,442.916 M€,"1,9%",michigan
2015,428.106 M€,"1,4%",michigan
2014,340.063 M€,"1,5%",michigan
2013,329.248 M€,"1,6%",michigan
2012,328.994 M€,"1,6%",michigan
2011,290.628 M€,"2,5%",michigan
2010,294.217 M€,"5,1%",michigan
2009,264.363 M€,"-8,1%",michigan
2008,265.448 M€,"-5,1%",michigan
2007,298.880 M€,"-1,3%",michigan
2006,320.061 M€,"-1,7%",michigan
2005,321.734 M€,"1,3%",michigan
2004,310.010 M€,"-0,4%",michigan
2003,330.776 M€,"2,0%",michigan
2002,384.582 M€,"2,9%",michigan
2001,390.672 M€,"-2,8%",michigan
2000,381.282 M€,"1,4%",michigan
1999,317.426 M€,"5,2%",michigan
2021,348.743 M€,"5,4%",minnesota
2020,329.902 M€,"-3,5%",minnesota
2019,342.972 M€,"1,1%",minnesota
2018,314.997 M€,"2,9%",minnesota
2017,313.061 M€,"1,1%",minnesota
2016,310.833 M€,"1,6%",minnesota
2015,302.416 M€,"2,4%",minnesota
2014,244.450 M€,"2,6%",minnesota
2013,234.264 M€,"2,5%",minnesota
2012,232.198 M€,"1,3%",minnesota
2011,206.206 M€,"2,3%",minnesota
2010,206.858 M€,"3,3%",minnesota
2009,187.904 M€,"-3,9%",minnesota
2008,181.820 M€,"0,7%",minnesota
2007,191.217 M€,"0,1%",minnesota
2006,200.937 M€,"-0,3%",minnesota
2005,197.235 M€,"2,6%",minnesota
2004,185.921 M€,"3,3%",minnesota
2003,190.702 M€,"4,0%",minnesota
2002,215.433 M€,"2,4%",minnesota
2001,218.855 M€,"0,5%",minnesota
2000,207.357 M€,"6,7%",minnesota
1999,164.908 M€,"3,8%",minnesota
2021,107.642 M€,"3,8%",misisipi
2020,100.791 M€,"-0,5%",misisipi
2019,102.041 M€,"0,1%",misisipi
2018,95.006 M€,"-0,4%",misisipi
2017,97.018 M€,"0,0%",misisipi
2016,96.930 M€,"0,8%",misisipi
2015,95.462 M€,"0,7%",misisipi
2014,78.510 M€,"-0,3%",misisipi
2013,77.081 M€,"-0,5%",misisipi
2012,78.182 M€,"3,1%",misisipi
2011,69.122 M€,"-0,6%",misisipi
2010,70.863 M€,"1,2%",misisipi
2009,65.810 M€,"-3,3%",misisipi
2008,64.261 M€,"1,0%",misisipi
2007,66.539 M€,"1,9%",misisipi
2006,69.369 M€,"2,7%",misisipi
2005,66.272 M€,"1,8%",misisipi
2004,62.704 M€,"2,2%",misisipi
2003,65.384 M€,"4,0%",misisipi
2002,73.244 M€,"0,9%",misisipi
2001,75.004 M€,"-0,9%",misisipi
2000,71.106 M€,"0,5%",misisipi
1999,59.935 M€,"2,8%",misisipi
2021,303.181 M€,"4,6%",misuri
2020,289.135 M€,"-2,7%",misuri
2019,296.995 M€,"2,1%",misuri
2018,269.393 M€,"1,2%",misuri
2017,272.641 M€,"0,8%",misuri
2016,271.853 M€,"0,0%",misuri
2015,267.624 M€,"1,3%",misuri
2014,216.415 M€,"1,1%",misuri
2013,211.257 M€,"1,5%",misuri
2012,211.344 M€,"0,7%",misuri
2011,188.267 M€,"-1,2%",misuri
2010,195.984 M€,"1,3%",misuri
2009,181.616 M€,"-1,8%",misuri
2008,172.726 M€,"0,9%",misuri
2007,178.279 M€,"0,2%",misuri
2006,188.265 M€,"0,9%",misuri
2005,183.242 M€,"1,5%",misuri
2004,174.519 M€,"2,2%",misuri
2003,181.744 M€,"2,4%",misuri
2002,208.923 M€,"0,8%",misuri
2001,212.882 M€,"-0,5%",misuri
2000,202.090 M€,"2,8%",misuri
1999,166.765 M€,"2,8%",misuri
2021,49.632 M€,"4,8%",montana
2020,45.838 M€,"-0,3%",montana
2019,46.383 M€,"0,7%",montana
2018,43.113 M€,"1,3%",montana
2017,42.962 M€,"3,5%",montana
2016,41.098 M€,"-2,1%",montana
2015,42.005 M€,"3,5%",montana
2014,34.006 M€,"2,0%",montana
2013,32.895 M€,"1,2%",montana
2012,32.955 M€,"1,1%",montana
2011,29.451 M€,"3,5%",montana
2010,28.918 M€,"3,4%",montana
2009,25.945 M€,"-2,9%",montana
2008,25.309 M€,"0,7%",montana
2007,26.438 M€,"4,9%",montana
2006,26.415 M€,"3,0%",montana
2005,24.818 M€,"4,1%",montana
2004,22.639 M€,"3,9%",montana
2003,22.732 M€,"4,3%",montana
2002,25.319 M€,"2,1%",montana
2001,25.511 M€,"1,9%",montana
2000,23.686 M€,"2,2%",montana
1999,19.527 M€,"1,6%",montana
2021,123.688 M€,"3,4%",nebraska
2020,117.826 M€,"-0,4%",nebraska
2019,117.791 M€,"1,6%",nebraska
2018,107.549 M€,"2,3%",nebraska
2017,107.751 M€,"1,4%",nebraska
2016,106.736 M€,"1,1%",nebraska
2015,105.015 M€,"2,1%",nebraska
2014,84.265 M€,"1,9%",nebraska
2013,80.763 M€,"2,6%",nebraska
2012,79.955 M€,"0,4%",nebraska
2011,71.782 M€,"4,2%",nebraska
2010,69.067 M€,"3,8%",nebraska
2009,62.282 M€,"0,2%",nebraska
2008,58.219 M€,"0,9%",nebraska
2007,61.171 M€,"1,5%",nebraska
2006,62.770 M€,"2,8%",nebraska
2005,59.934 M€,"2,3%",nebraska
2004,56.652 M€,"1,8%",nebraska
2003,58.701 M€,"6,2%",nebraska
2002,64.951 M€,"1,7%",nebraska
2001,66.556 M€,"1,5%",nebraska
2000,61.203 M€,"3,9%",nebraska
1999,50.371 M€,"2,3%",nebraska
2021,164.443 M€,"8,9%",nevada
2020,151.079 M€,"-6,7%",nevada
2019,162.739 M€,"4,3%",nevada
2018,144.164 M€,"3,4%",nevada
2017,142.209 M€,"3,9%",nevada
2016,137.176 M€,"2,7%",nevada
2015,130.794 M€,"2,8%",nevada
2014,102.378 M€,"3,4%",nevada
2013,99.455 M€,"-0,3%",nevada
2012,100.648 M€,"-0,2%",nevada
2011,91.723 M€,"0,7%",nevada
2010,94.040 M€,"-0,8%",nevada
2009,87.559 M€,"-9,0%",nevada
2008,88.802 M€,"-3,6%",nevada
2007,96.039 M€,"0,9%",nevada
2006,100.230 M€,"3,1%",nevada
2005,93.374 M€,"8,4%",nevada
2004,82.990 M€,"10,7%",nevada
2003,80.122 M€,"4,7%",nevada
2002,89.899 M€,"3,4%",nevada
2001,89.805 M€,"2,2%",nevada
2000,83.189 M€,"4,4%",nevada
1999,67.176 M€,"7,2%",nevada
2021,577.446 M€,"5,9%",nueva jersey
2020,542.887 M€,"-4,4%",nueva jersey
2019,569.567 M€,"1,7%",nueva jersey
2018,519.989 M€,"2,3%",nueva jersey
2017,519.980 M€,"0,5%",nueva jersey
2016,519.921 M€,"1,0%",nueva jersey
2015,507.647 M€,"1,8%",nueva jersey
2014,408.613 M€,"0,8%",nueva jersey
2013,402.212 M€,"0,4%",nueva jersey
2012,402.550 M€,"1,8%",nueva jersey
2011,356.297 M€,"-0,8%",nueva jersey
2010,371.700 M€,"0,9%",nueva jersey
2009,345.898 M€,"-4,2%",nueva jersey
2008,337.386 M€,"0,4%",nueva jersey
2007,346.492 M€,"0,4%",nueva jersey
2006,364.442 M€,"1,6%",nueva jersey
2005,350.243 M€,"1,8%",nueva jersey
2004,333.506 M€,"1,8%",nueva jersey
2003,354.477 M€,"2,4%",nueva jersey
2002,408.347 M€,"2,3%",nueva jersey
2001,417.260 M€,"1,1%",nueva jersey
2000,390.868 M€,"4,5%",nueva jersey
1999,315.317 M€,"3,2%",nueva jersey
2021,1.607.590 M€,"5,7%",nueva york
2020,1.524.080 M€,"-4,6%",nueva york
2019,1.596.843 M€,"2,9%",nueva york
2018,1.437.478 M€,"2,8%",nueva york
2017,1.420.421 M€,"1,1%",nueva york
2016,1.401.530 M€,"2,2%",nueva york
2015,1.340.809 M€,"1,4%",nueva york
2014,1.077.097 M€,"1,2%",nueva york
2013,1.028.182 M€,"0,2%",nueva york
2012,1.033.806 M€,"2,9%",nueva york
2011,896.269 M€,"0,4%",nueva york
2010,922.931 M€,"4,2%",nueva york
2009,831.719 M€,"2,1%",nueva york
2008,759.173 M€,"-2,9%",nueva york
2007,816.769 M€,"0,4%",nueva york
2006,856.288 M€,"2,8%",nueva york
2005,816.685 M€,"4,4%",nueva york
2004,777.516 M€,"3,1%",nueva york
2003,806.643 M€,"0,2%",nueva york
2002,941.474 M€,"-0,1%",nueva york
2001,980.735 M€,"3,0%",nueva york
2000,910.764 M€,"3,0%",nueva york
1999,746.134 M€,"4,9%",nueva york
2021,84.276 M€,"9,3%",nuevo hampshire
2020,77.340 M€,"-1,2%",nuevo hampshire
2019,78.015 M€,"1,8%",nuevo hampshire
2018,71.016 M€,"2,0%",nuevo hampshire
2017,71.345 M€,"0,5%",nuevo hampshire
2016,71.452 M€,"2,1%",nuevo hampshire
2015,68.930 M€,"0,8%",nuevo hampshire
2014,54.946 M€,"2,4%",nuevo hampshire
2013,53.065 M€,"0,1%",nuevo hampshire
2012,53.314 M€,"0,9%",nuevo hampshire
2011,47.524 M€,"1,0%",nuevo hampshire
2010,48.913 M€,"2,6%",nuevo hampshire
2009,44.826 M€,"-1,6%",nuevo hampshire
2008,41.950 M€,"-1,1%",nuevo hampshire
2007,45.080 M€,"-0,1%",nuevo hampshire
2006,47.799 M€,"1,4%",nuevo hampshire
2005,45.778 M€,"2,7%",nuevo hampshire
2004,44.150 M€,"3,2%",nuevo hampshire
2003,45.649 M€,"4,3%",nuevo hampshire
2002,51.882 M€,"3,4%",nuevo hampshire
2001,52.275 M€,"0,6%",nuevo hampshire
2000,49.093 M€,"5,8%",nuevo hampshire
1999,39.365 M€,"2,2%",nuevo hampshire
2021,92.655 M€,"1,2%",nuevo mexico
2020,86.491 M€,"-2,5%",nuevo mexico
2019,91.137 M€,"4,4%",nuevo mexico
2018,82.361 M€,"2,2%",nuevo mexico
2017,81.680 M€,"-0,2%",nuevo mexico
2016,81.100 M€,"-0,6%",nuevo mexico
2015,81.365 M€,"0,7%",nuevo mexico
2014,69.391 M€,"2,6%",nuevo mexico
2013,66.830 M€,"-0,9%",nuevo mexico
2012,68.435 M€,"0,3%",nuevo mexico
2011,62.545 M€,"0,4%",nuevo mexico
2010,63.824 M€,"0,7%",nuevo mexico
2009,59.121 M€,"0,1%",nuevo mexico
2008,57.580 M€,"2,7%",nuevo mexico
2007,58.956 M€,"0,2%",nuevo mexico
2006,61.811 M€,"1,5%",nuevo mexico
2005,59.410 M€,"0,5%",nuevo mexico
2004,56.240 M€,"6,2%",nuevo mexico
2003,55.385 M€,"3,3%",nuevo mexico
2002,61.134 M€,"2,5%",nuevo mexico
2001,62.293 M€,"1,2%",nuevo mexico
2000,59.663 M€,"2,1%",nuevo mexico
1999,49.744 M€,"6,0%",nuevo mexico
2021,639.737 M€,"5,9%",ohio
2020,599.179 M€,"-3,1%",ohio
2019,622.748 M€,"2,6%",ohio
2018,564.873 M€,"0,7%",ohio
2017,571.512 M€,"1,7%",ohio
2016,563.073 M€,"0,9%",ohio
2015,550.716 M€,"1,8%",ohio
2014,448.356 M€,"3,3%",ohio
2013,426.574 M€,"1,0%",ohio
2012,424.767 M€,"1,9%",ohio
2011,379.447 M€,"3,1%",ohio
2010,377.548 M€,"2,1%",ohio
2009,345.771 M€,"-4,9%",ohio
2008,337.857 M€,"-2,0%",ohio
2007,363.197 M€,"-0,2%",ohio
2006,384.468 M€,"0,1%",ohio
2005,376.892 M€,"0,9%",ohio
2004,358.731 M€,"2,9%",ohio
2003,374.629 M€,"1,7%",ohio
2002,434.681 M€,"2,3%",ohio
2001,443.216 M€,"-1,2%",ohio
2000,424.726 M€,"2,1%",ohio
1999,353.223 M€,"2,2%",ohio
2021,182.072 M€,"0,4%",oklahoma
2020,166.401 M€,"-4,3%",oklahoma
2019,182.396 M€,"1,9%",oklahoma
2018,171.645 M€,"1,8%",oklahoma
2017,168.676 M€,"0,5%",oklahoma
2016,163.741 M€,"-2,1%",oklahoma
2015,168.378 M€,"1,3%",oklahoma
2014,148.010 M€,"3,3%",oklahoma
2013,137.561 M€,"2,7%",oklahoma
2012,136.110 M€,"4,5%",oklahoma
2011,119.422 M€,"5,0%",oklahoma
2010,116.382 M€,"1,4%",oklahoma
2009,105.128 M€,"-1,5%",oklahoma
2008,109.304 M€,"1,9%",oklahoma
2007,106.350 M€,"1,5%",oklahoma
2006,109.459 M€,"5,4%",oklahoma
2005,100.540 M€,"3,2%",oklahoma
2004,91.546 M€,"3,0%",oklahoma
2003,93.453 M€,"1,9%",oklahoma
2002,105.202 M€,"0,9%",oklahoma
2001,108.374 M€,"3,3%",oklahoma
2000,98.629 M€,"3,3%",oklahoma
1999,79.024 M€,"2,7%",oklahoma
2021,230.144 M€,"5,7%",oregon
2020,217.096 M€,"-1,8%",oregon
2019,220.842 M€,"2,2%",oregon
2018,200.774 M€,"4,6%",oregon
2017,197.045 M€,"3,8%",oregon
2016,190.899 M€,"4,3%",oregon
2015,180.856 M€,"4,1%",oregon
2014,141.604 M€,"0,9%",oregon
2013,135.176 M€,"-1,4%",oregon
2012,135.905 M€,"-3,0%",oregon
2011,122.580 M€,"4,2%",oregon
2010,123.812 M€,"5,2%",oregon
2009,114.430 M€,"-0,5%",oregon
2008,112.133 M€,"5,5%",oregon
2007,116.443 M€,"3,2%",oregon
2006,122.326 M€,"8,8%",oregon
2005,115.351 M€,"2,0%",oregon
2004,109.050 M€,"9,0%",oregon
2003,111.980 M€,"3,8%",oregon
2002,127.607 M€,"2,7%",oregon
2001,130.598 M€,"-1,5%",oregon
2000,126.846 M€,"8,8%",oregon
1999,100.977 M€,"2,3%",oregon
2021,714.041 M€,"4,4%",pensilvania
2020,675.550 M€,"-4,8%",pensilvania
2019,714.505 M€,"1,6%",pensilvania
2018,655.358 M€,"1,3%",pensilvania
2017,660.743 M€,"1,0%",pensilvania
2016,656.393 M€,"0,9%",pensilvania
2015,643.716 M€,"1,7%",pensilvania
2014,522.501 M€,"2,3%",pensilvania
2013,503.403 M€,"1,2%",pensilvania
2012,504.301 M€,"1,1%",pensilvania
2011,448.865 M€,"1,4%",pensilvania
2010,456.164 M€,"2,4%",pensilvania
2009,417.368 M€,"-1,8%",pensilvania
2008,399.799 M€,"0,4%",pensilvania
2007,412.865 M€,"1,3%",pensilvania
2006,423.124 M€,"1,5%",pensilvania
2005,411.327 M€,"1,4%",pensilvania
2004,391.757 M€,"1,9%",pensilvania
2003,406.887 M€,"2,0%",pensilvania
2002,466.341 M€,"1,1%",pensilvania
2001,476.897 M€,"1,8%",pensilvania
2000,443.006 M€,"2,7%",pensilvania
1999,366.783 M€,"3,0%",pensilvania
2021,56.287 M€,"6,0%",rhode island
2020,53.205 M€,"-3,6%",rhode island
2019,55.063 M€,"1,6%",rhode island
2018,50.204 M€,"-0,3%",rhode island
2017,51.416 M€,"-0,4%",rhode island
2016,51.815 M€,"0,2%",rhode island
2015,50.825 M€,"1,1%",rhode island
2014,41.069 M€,"2,2%",rhode island
2013,39.932 M€,"0,6%",rhode island
2012,40.149 M€,"1,0%",rhode island
2011,36.068 M€,"-0,3%",rhode island
2010,37.315 M€,"2,1%",rhode island
2009,34.200 M€,"-1,2%",rhode island
2008,32.144 M€,"-2,7%",rhode island
2007,34.543 M€,"-2,3%",rhode island
2006,37.595 M€,"2,0%",rhode island
2005,35.668 M€,"0,8%",rhode island
2004,34.057 M€,"3,9%",rhode island
2003,35.041 M€,"4,2%",rhode island
2002,39.984 M€,"3,5%",rhode island
2001,40.043 M€,"2,2%",rhode island
2000,37.318 M€,"4,4%",rhode island
1999,30.275 M€,"3,5%",rhode island
2021,361.144 M€,"9,0%",tennessee
2020,331.822 M€,"-2,3%",tennessee
2019,339.552 M€,"2,4%",tennessee
2018,307.414 M€,"1,4%",tennessee
2017,310.559 M€,"2,8%",tennessee
2016,303.924 M€,"1,9%",tennessee
2015,293.190 M€,"2,0%",tennessee
2014,230.450 M€,"1,6%",tennessee
2013,222.771 M€,"1,1%",tennessee
2012,222.869 M€,"3,4%",tennessee
2011,193.832 M€,"2,7%",tennessee
2010,194.445 M€,"1,9%",tennessee
2009,180.910 M€,"-3,9%",tennessee
2008,172.860 M€,"1,1%",tennessee
2007,181.461 M€,"-1,0%",tennessee
2006,193.998 M€,"2,0%",tennessee
2005,186.186 M€,"1,0%",tennessee
2004,176.323 M€,"4,3%",tennessee
2003,181.335 M€,"3,0%",tennessee
2002,207.027 M€,"3,1%",tennessee
2001,208.175 M€,"0,6%",tennessee
2000,197.323 M€,"1,0%",tennessee
1999,165.399 M€,"3,3%",tennessee
2021,1.734.817 M€,"3,9%",texas
2020,1.567.093 M€,"-1,8%",texas
2019,1.660.346 M€,"3,0%",texas
2018,1.532.089 M€,"4,2%",texas
2017,1.481.132 M€,"2,4%",texas
2016,1.426.520 M€,"0,9%",texas
2015,1.418.205 M€,"3,8%",texas
2014,1.188.784 M€,"3,8%",texas
2013,1.140.875 M€,"4,3%",texas
2012,1.106.149 M€,"5,4%",texas
2011,963.602 M€,"3,4%",texas
2010,939.850 M€,"2,9%",texas
2009,838.549 M€,"-0,3%",texas
2008,845.999 M€,"0,5%",texas
2007,869.094 M€,"4,6%",texas
2006,878.622 M€,"5,7%",texas
2005,799.978 M€,"1,8%",texas
2004,734.339 M€,"4,9%",texas
2003,736.689 M€,"0,6%",texas
2002,835.255 M€,"1,6%",texas
2001,863.528 M€,"2,6%",texas
2000,799.780 M€,"3,6%",texas
1999,637.897 M€,"4,3%",texas
2021,190.530 M€,"6,8%",utah
2020,176.968 M€,"1,7%",utah
2019,175.560 M€,"4,5%",utah
2018,156.188 M€,"6,4%",utah
2017,149.287 M€,"4,6%",utah
2016,142.585 M€,"4,4%",utah
2015,134.433 M€,"3,3%",utah
2014,107.000 M€,"2,2%",utah
2013,101.988 M€,"2,9%",utah
2012,100.804 M€,"0,8%",utah
2011,90.205 M€,"2,8%",utah
2010,89.515 M€,"1,7%",utah
2009,81.722 M€,"-1,3%",utah
2008,79.670 M€,"-1,5%",utah
2007,83.775 M€,"5,9%",utah
2006,84.850 M€,"8,1%",utah
2005,76.646 M€,"5,8%",utah
2004,69.203 M€,"4,7%",utah
2003,69.789 M€,"2,2%",utah
2002,80.157 M€,"1,5%",utah
2001,81.574 M€,"2,5%",utah
2000,76.111 M€,"4,6%",utah
1999,61.943 M€,"4,6%",utah
2021,31.372 M€,"5,1%",vermont
2020,29.783 M€,"-2,9%",vermont
2019,30.577 M€,"1,1%",vermont
2018,27.999 M€,"0,4%",vermont
2017,28.562 M€,"0,3%",vermont
2016,28.603 M€,"1,0%",vermont
2015,27.880 M€,"0,2%",vermont
2014,22.657 M€,"1,5%",vermont
2013,22.054 M€,"-0,4%",vermont
2012,22.759 M€,0%,vermont
2011,20.416 M€,"2,8%",vermont
2010,20.673 M€,"3,8%",vermont
2009,18.712 M€,"-2,6%",vermont
2008,17.677 M€,"0,5%",vermont
2007,18.094 M€,"-0,7%",vermont
2006,19.378 M€,"0,6%",vermont
2005,18.976 M€,"1,6%",vermont
2004,18.441 M€,"3,6%",vermont
2003,18.824 M€,"4,2%",vermont
2002,21.439 M€,"3,1%",vermont
2001,21.576 M€,"2,8%",vermont
2000,19.858 M€,"5,0%",vermont
1999,16.116 M€,"5,1%",vermont
2021,511.506 M€,"5,5%",virginia
2020,487.649 M€,"-2,1%",virginia
2019,498.226 M€,"2,4%",virginia
2018,451.233 M€,"2,3%",virginia
2017,452.434 M€,"1,6%",virginia
2016,448.117 M€,"1,1%",virginia
2015,436.040 M€,"1,4%",virginia
2014,350.156 M€,"0,2%",virginia
2013,344.583 M€,"-0,2%",virginia
2012,347.115 M€,"0,7%",virginia
2011,312.630 M€,"0,7%",virginia
2010,322.088 M€,"2,4%",virginia
2009,294.643 M€,"0,5%",virginia
2008,275.112 M€,"0,1%",virginia
2007,285.808 M€,"0,6%",virginia
2006,299.646 M€,"2,3%",virginia
2005,287.814 M€,"5,3%",virginia
2004,266.995 M€,"3,9%",virginia
2003,275.518 M€,"3,7%",virginia
2002,312.347 M€,"0,5%",virginia
2001,318.932 M€,"2,9%",virginia
2000,290.679 M€,"4,1%",virginia
1999,234.379 M€,"5,1%",virginia
2021,572.833 M€,"6,7%",washington
2020,536.657 M€,"1,1%",washington
2019,531.694 M€,"3,5%",washington
2018,477.827 M€,"6,9%",washington
2017,459.777 M€,"5,2%",washington
2016,440.216 M€,"3,7%",washington
2015,420.631 M€,"2,9%",washington
2014,331.688 M€,"3,0%",washington
2013,315.558 M€,"1,4%",washington
2012,311.745 M€,"2,6%",washington
2011,272.683 M€,"0,8%",washington
2010,275.702 M€,"1,8%",washington
2009,251.825 M€,"-2,2%",washington
2008,241.225 M€,"1,2%",washington
2007,249.562 M€,"5,7%",washington
2006,250.291 M€,"3,2%",washington
2005,236.055 M€,"6,1%",washington
2004,215.756 M€,"1,6%",washington
2003,225.752 M€,"1,7%",washington
2002,260.130 M€,"1,8%",washington
2001,266.211 M€,"-2,5%",washington
2000,257.014 M€,"1,2%",washington
1999,215.611 M€,"6,6%",washington
2021,311.669 M€,"4,6%",wisconsin
2020,298.189 M€,"-3,5%",wisconsin
2019,308.384 M€,"1,5%",wisconsin
2018,281.540 M€,"2,5%",wisconsin
2017,281.765 M€,0%,wisconsin
2016,283.741 M€,"1,0%",wisconsin
2015,277.159 M€,"1,8%",wisconsin
2014,222.579 M€,"2,1%",wisconsin
2013,214.043 M€,"0,7%",wisconsin
2012,215.681 M€,"1,4%",wisconsin
2011,191.354 M€,"2,2%",wisconsin
2010,193.432 M€,"2,5%",wisconsin
2009,177.237 M€,"-2,6%",wisconsin
2008,167.810 M€,"-1,2%",wisconsin
2007,179.379 M€,"0,3%",wisconsin
2006,189.208 M€,"1,4%",wisconsin
2005,182.700 M€,"2,1%",wisconsin
2004,173.275 M€,"3,1%",wisconsin
2003,179.755 M€,"3,0%",wisconsin
2002,205.857 M€,"2,3%",wisconsin
2001,210.097 M€,"0,7%",wisconsin
2000,195.352 M€,"2,5%",wisconsin
1999,161.591 M€,"3,9%",wisconsin
2021,35.098 M€,"0,4%",wyoming
2020,31.807 M€,"-5,7%",wyoming
2019,35.219 M€,"1,0%",wyoming
2018,33.168 M€,"1,5%",wyoming
2017,32.735 M€,"-1,8%",wyoming
2016,32.414 M€,"-5,5%",wyoming
2015,34.634 M€,"0,4%",wyoming
2014,30.343 M€,"0,5%",wyoming
2013,29.583 M€,"0,4%",wyoming
2012,30.242 M€,"-4,4%",wyoming
2011,28.557 M€,"-0,1%",wyoming
2010,28.423 M€,"-2,0%",wyoming
2009,25.991 M€,"-2,6%",wyoming
2008,29.113 M€,"7,7%",wyoming
2007,26.962 M€,"5,7%",wyoming
2006,26.075 M€,"12,0%",wyoming
2005,22.166 M€,"4,4%",wyoming
2004,18.835 M€,"3,8%",wyoming
2003,18.736 M€,"2,8%",wyoming
2002,20.268 M€,"1,6%",wyoming
2001,20.889 M€,"5,7%",wyoming
2000,18.571 M€,"3,6%",wyoming
1999,14.712 M€,"3,8%",wyoming
2021,72.237 M€,"1,3%",virginia-occidental
2020,67.018 M€,"-3,0%",virginia-occidental
2019,70.858 M€,"-0,7%",virginia-occidental
2018,67.056 M€,"2,4%",virginia-occidental
2017,66.230 M€,"2,0%",virginia-occidental
2016,64.075 M€,"-0,9%",virginia-occidental
2015,64.280 M€,"0,1%",virginia-occidental
2014,54.684 M€,"0,7%",virginia-occidental
2013,53.822 M€,"1,4%",virginia-occidental
2012,54.734 M€,"-1,5%",virginia-occidental
2011,49.737 M€,"2,4%",virginia-occidental
2010,49.784 M€,"2,8%",virginia-occidental
2009,45.598 M€,"0,1%",virginia-occidental
2008,42.626 M€,"2,5%",virginia-occidental
2007,43.250 M€,"-0,3%",virginia-occidental
2006,45.405 M€,"1,6%",virginia-occidental
2005,42.997 M€,"2,6%",virginia-occidental
2004,39.988 M€,"1,9%",virginia-occidental
2003,41.584 M€,"0,3%",virginia-occidental
2002,48.203 M€,"1,1%",virginia-occidental
2001,49.099 M€,"-0,3%",virginia-occidental
2000,46.011 M€,"-0,6%",virginia-occidental
1999,39.139 M€,"3,7%",virginia-occidental
