Fecha,PIB anual,Var. PIB (%),Estado,id_Estado
2021,214.856 ,"5,1",Alabama,AL
2020,202.147 ,"-1,8",Alabama,AL
2019,206.844 ,"1,5",Alabama,AL
2018,189.551 ,"1,7",Alabama,AL
2017,189.968 ,"1,4",Alabama,AL
2016,187.342 ,"1,5",Alabama,AL
2015,182.400 ,"1,6",Alabama,AL
2014,148.594 ,"0,9",Alabama,AL
2013,146.666 ,"0,8",Alabama,AL
2012,147.296 ,"1,0",Alabama,AL
2011,132.124 ,"0,9",Alabama,AL
2010,133.702 ,"2,2",Alabama,AL
2009,122.549 ,"-3,3",Alabama,AL
2008,118.661 ,"-0,3",Alabama,AL
2007,126.213 ,"0,2",Alabama,AL
2006,132.581 ,"1,4",Alabama,AL
2005,127.680 ,"2,8",Alabama,AL
2004,118.752 ,"5,7",Alabama,AL
2003,118.593 ,"2,4",Alabama,AL
2002,134.840 ,"2,7",Alabama,AL
2001,137.244 ,"0,9",Alabama,AL
2000,129.766 ,"1,6",Alabama,AL
1999,108.538 ,"3,8",Alabama,AL
2021,48.490 ,"0,3",Alaska,AK
2020,44.191 ,"-5,1",Alaska,AK
2019,48.886 ,"0,2",Alaska,AK
2018,46.486 ,"-1,8",Alaska,AK
2017,47.182 ,"0,1",Alaska,AK
2016,45.829 ,"-0,9",Alaska,AK
2015,46.409 ,"-0,5",Alaska,AK
2014,42.518 ,"-3,5",Alaska,AK
2013,43.105 ,"-5,3",Alaska,AK
2012,45.364 ,"5,5",Alaska,AK
2011,40.874 ,"3,5",Alaska,AK
2010,40.229 ,"-1,5",Alaska,AK
2009,35.817 ,"8,8",Alaska,AK
2008,37.478 ,"1,3",Alaska,AK
2007,36.179 ,"5,0",Alaska,AK
2006,35.914 ,"6,4",Alaska,AK
2005,32.438 ,"2,5",Alaska,AK
2004,28.380 ,"4,3",Alaska,AK
2003,28.322 ,"-0,7",Alaska,AK
2002,31.469 ,"2,8",Alaska,AK
2001,31.816 ,"4,3",Alaska,AK
2000,29.024 ,"-1,7",Alaska,AK
1999,23.217 ,"-0,7",Alaska,AK
2021,355.142 ,"6,3",Arizona,AZ
2020,334.506 ,"0,6",Arizona,AZ
2019,332.643 ,"3,4",Arizona,AZ
2018,297.950 ,"3,7",Arizona,AZ
2017,293.885 ,"4,2",Arizona,AZ
2016,282.845 ,"3,1",Arizona,AZ
2015,269.845 ,"0,9",Arizona,AZ
2014,216.535 ,"1,8",Arizona,AZ
2013,209.767 ,"0,1",Arizona,AZ
2012,211.270 ,"2,1",Arizona,AZ
2011,187.439 ,"1,7",Arizona,AZ
2010,189.449 ,"0,7",Arizona,AZ
2009,176.674 ,"-8,2",Arizona,AZ
2008,178.764 ,"-2,9",Arizona,AZ
2007,190.727 ,"2,7",Arizona,AZ
2006,195.888 ,"5,8",Arizona,AZ
2005,183.197 ,"7,8",Arizona,AZ
2004,166.043 ,"3,6",Arizona,AZ
2003,171.177 ,"5,7",Arizona,AZ
2002,190.908 ,"2,7",Arizona,AZ
2001,191.949 ,"2,2",Arizona,AZ
2000,178.769 ,"5,2",Arizona,AZ
1999,146.140 ,"8,6",Arizona,AZ
2021,125.709 ,"5,2",Arkansas,AR
2020,117.290 ,"0,1",Arkansas,AR
2019,117.533 ,"1,1",Arkansas,AR
2018,107.990 ,"1,8",Arkansas,AR
2017,108.406 ,"0,9",Arkansas,AR
2016,107.645 ,"0,4",Arkansas,AR
2015,106.162 ,"1,5",Arkansas,AR
2014,87.421 ,"2,1",Arkansas,AR
2013,85.255 ,"2,6",Arkansas,AR
2012,84.443 ,"0,1",Arkansas,AR
2011,75.983 ,"2,0",Arkansas,AR
2010,76.553 ,"3,2",Arkansas,AR
2009,69.908 ,"-2,7",Arkansas,AR
2008,67.791 ,"0,6",Arkansas,AR
2007,71.785 ,"0,2",Arkansas,AR
2006,76.358 ,"3,0",Arkansas,AR
2005,73.055 ,"2,8",Arkansas,AR
2004,68.494 ,"4,6",Arkansas,AR
2003,69.568 ,"4,2",Arkansas,AR
2002,78.378 ,"2,9",Arkansas,AR
2001,78.848 ,"-0,1",Arkansas,AR
2000,74.360 ,"0,7",Arkansas,AR
1999,62.687 ,"5,3",Arkansas,AR
2021,2.852.152 ,"7,8",California,CA
2020,2.644.172 ,"-2,3",California,CA
2019,2.717.905 ,"3,2",California,CA
2018,2.453.176 ,"4,2",California,CA
2017,2.415.458 ,"4,5",California,CA
2016,2.321.469 ,"3,0",California,CA
2015,2.229.433 ,"4,1",California,CA
2014,1.757.837 ,"3,1",California,CA
2013,1.671.854 ,"2,6",California,CA
2012,1.644.689 ,"2,4",California,CA
2011,1.453.664 ,"1,4",California,CA
2010,1.474.008 ,"0,9",California,CA
2009,1.355.152 ,"-4,4",California,CA
2008,1.322.202 ,"0,4",California,CA
2007,1.385.554 ,"1,6",California,CA
2006,1.443.302 ,"3,2",California,CA
2005,1.365.293 ,"4,0",California,CA
2004,1.276.773 ,"4,2",California,CA
2003,1.324.186 ,"4,0",California,CA
2002,1.500.031 ,"2,5",California,CA
2001,1.536.134 ,"-0,3",California,CA
2000,1.469.224 ,"7,6",California,CA
1999,1.165.228 ,"7,5",California,CA
2021,559.838 ,"7,0",North Carolina,NC
2020,524.353 ,"-1,2",North Carolina,NC
2019,531.059 ,"2,3",North Carolina,NC
2018,480.810 ,"1,3",North Carolina,NC
2017,485.547 ,"2,5",North Carolina,NC
2016,475.228 ,"1,7",North Carolina,NC
2015,458.701 ,"2,7",North Carolina,NC
2014,363.712 ,"2,1",North Carolina,NC
2013,348.068 ,"1,3",North Carolina,NC
2012,346.432 ,"-0,3",North Carolina,NC
2011,310.146 ,"1,0",North Carolina,NC
2010,316.835 ,"1,2",North Carolina,NC
2009,294.778 ,"-3,1",North Carolina,NC
2008,284.739 ,"2,2",North Carolina,NC
2007,292.952 ,"-0,1",North Carolina,NC
2006,308.637 ,"5,2",North Carolina,NC
2005,285.724 ,"4,6",North Carolina,NC
2004,265.197 ,"3,4",North Carolina,NC
2003,274.389 ,"2,3",North Carolina,NC
2002,314.981 ,"1,5",North Carolina,NC
2001,321.650 ,"2,5",North Carolina,NC
2000,301.005 ,"3,2",North Carolina,NC
1999,248.992 ,"6,1",North Carolina,NC
2021,228.124 ,"6,2",South Carolina,SC
2020,214.813 ,"-2,4",South Carolina,SC
2019,219.730 ,"3,0",South Carolina,SC
2018,197.503 ,"2,3",South Carolina,SC
2017,197.634 ,"2,3",South Carolina,SC
2016,194.345 ,"3,1",South Carolina,SC
2015,185.504 ,"1,9",South Carolina,SC
2014,146.295 ,"2,5",South Carolina,SC
2013,139.304 ,"1,1",South Carolina,SC
2012,138.246 ,"0,2",South Carolina,SC
2011,123.617 ,"2,1",South Carolina,SC
2010,125.111 ,"1,8",South Carolina,SC
2009,116.012 ,"-3,7",South Carolina,SC
2008,111.427 ,"-0,8",South Carolina,SC
2007,118.750 ,"2,4",South Carolina,SC
2006,122.370 ,"2,2",South Carolina,SC
2005,116.875 ,"2,6",South Carolina,SC
2004,110.123 ,"0,7",South Carolina,SC
2003,116.307 ,"3,5",South Carolina,SC
2002,132.047 ,"2,1",South Carolina,SC
2001,133.406 ,"0,8",South Carolina,SC
2000,124.860 ,"2,3",South Carolina,SC
1999,103.436 ,"4,4",South Carolina,SC
2021,368.952 ,"5,8",Colorado,CO
2020,342.552 ,"-1,4",Colorado,CO
2019,352.420 ,"4,6",Colorado,CO
2018,315.167 ,"3,9",Colorado,CO
2017,309.070 ,"3,4",Colorado,CO
2016,298.050 ,"2,1",Colorado,CO
2015,289.068 ,"3,6",Colorado,CO
2014,233.002 ,"4,1",Colorado,CO
2013,219.969 ,"2,1",Colorado,CO
2012,215.460 ,"2,4",Colorado,CO
2011,192.181 ,"1,2",Colorado,CO
2010,194.841 ,"1,3",Colorado,CO
2009,180.117 ,"-1,1",Colorado,CO
2008,176.007 ,"1,5",Colorado,CO
2007,181.282 ,"2,1",Colorado,CO
2006,185.287 ,"1,7",Colorado,CO
2005,177.465 ,"4,5",Colorado,CO
2004,164.135 ,"1,8",Colorado,CO
2003,173.379 ,"0,9",Colorado,CO
2002,200.951 ,"0,6",Colorado,CO
2001,208.459 ,"1,7",Colorado,CO
2000,194.958 ,"7,4",Colorado,CO
1999,153.653 ,"7,2",Colorado,CO
2021,252.300 ,"4,8",Connecticut,CT
2020,241.834 ,"-6,5",Connecticut,CT
2019,257.737 ,"1,0",Connecticut,CT
2018,237.022 ,"0,8",Connecticut,CT
2017,240.279 ,"1,5",Connecticut,CT
2016,238.206 ,"0,2",Connecticut,CT
2015,233.878 ,"0,6",Connecticut,CT
2014,185.621 ,"1,2",Connecticut,CT
2013,181.852 ,"-0,4",Connecticut,CT
2012,187.509 ,"0,2",Connecticut,CT
2011,167.499 ,"-0,7",Connecticut,CT
2010,177.039 ,"0,9",Connecticut,CT
2009,167.257 ,"-4,7",Connecticut,CT
2008,162.454 ,"-3,6",Connecticut,CT
2007,171.135 ,"3,8",Connecticut,CT
2006,175.031 ,"3,3",Connecticut,CT
2005,164.950 ,"1,7",Connecticut,CT
2004,157.050 ,"6,5",Connecticut,CT
2003,157.976 ,"1,9",Connecticut,CT
2002,183.215 ,"-0,4",Connecticut,CT
2001,191.175 ,"1,0",Connecticut,CT
2000,179.314 ,"6,4",Connecticut,CT
1999,142.886 ,"2,6",Connecticut,CT
2021,53.741 ,"0,3",North Dakota,ND
2020,47.647 ,"-4,8",North Dakota,ND
2019,52.880 ,"0,8",North Dakota,ND
2018,50.168 ,"3,2",North Dakota,ND
2017,49.035 ,"2,3",North Dakota,ND
2016,46.968 ,"-6,3",North Dakota,ND
2015,50.470 ,"-2,1",North Dakota,ND
2014,45.108 ,"6,0",North Dakota,ND
2013,40.864 ,"2,1",North Dakota,ND
2012,40.343 ,"21,7",North Dakota,ND
2011,29.876 ,"11,5",North Dakota,ND
2010,26.911 ,"8,2",North Dakota,ND
2009,23.104 ,"2,4",North Dakota,ND
2008,21.671 ,"9,8",North Dakota,ND
2007,21.215 ,"3,3",North Dakota,ND
2006,21.106 ,"4,1",North Dakota,ND
2005,19.854 ,"2,9",North Dakota,ND
2004,18.698 ,"0,8",North Dakota,ND
2003,19.502 ,"6,4",North Dakota,ND
2002,21.356 ,"5,4",North Dakota,ND
2001,21.091 ,"2,1",North Dakota,ND
2000,19.597 ,"3,2",North Dakota,ND
1999,16.014 ,"0,1",North Dakota,ND
2021,52.156 ,"4,6",South Dakota,SD
2020,48.749 ,"1,6",South Dakota,SD
2019,48.237 ,"0,8",South Dakota,SD
2018,44.284 ,"1,2",South Dakota,SD
2017,44.465 ,"-0,7",South Dakota,SD
2016,44.405 ,"0,9",South Dakota,SD
2015,43.326 ,"1,8",South Dakota,SD
2014,35.217 ,"0,4",South Dakota,SD
2013,34.155 ,"1,3",South Dakota,SD
2012,34.170 ,"-0,9",South Dakota,SD
2011,30.095 ,"7,1",South Dakota,SD
2010,28.553 ,"1,6",South Dakota,SD
2009,26.121 ,"1,0",South Dakota,SD
2008,24.886 ,"4,3",South Dakota,SD
2007,25.591 ,"3,5",South Dakota,SD
2006,25.776 ,"0,4",South Dakota,SD
2005,24.916 ,"1,2",South Dakota,SD
2004,23.532 ,"3,3",South Dakota,SD
2003,24.059 ,"2,8",South Dakota,SD
2002,27.836 ,"10,8",South Dakota,SD
2001,26.141 ,"2,5",South Dakota,SD
2000,24.625 ,"7,2",South Dakota,SD
1999,19.777 ,"5,0",South Dakota,SD
2021,68.623 ,"3,4",Delaware,DE
2020,66.379 ,"-2,9",Delaware,DE
2019,68.713 ,"4,4",Delaware,DE
2018,61.108 ,"1,8",Delaware,DE
2017,60.461 ,"-4,2",Delaware,DE
2016,62.657 ,"-5,7",Delaware,DE
2015,64.816 ,"2,0",Delaware,DE
2014,51.453 ,"4,3",Delaware,DE
2013,46.470 ,"-1,2",Delaware,DE
2012,48.533 ,"-1,0",Delaware,DE
2011,44.089 ,"1,8",Delaware,DE
2010,43.874 ,"0,6",Delaware,DE
2009,41.475 ,"4,0",Delaware,DE
2008,37.707 ,"-5,8",Delaware,DE
2007,41.308 ,"-0,8",Delaware,DE
2006,43.943 ,"2,5",Delaware,DE
2005,41.921 ,"1,6",Delaware,DE
2004,41.284 ,"6,6",Delaware,DE
2003,42.155 ,"4,5",Delaware,DE
2002,48.126 ,"-2,4",Delaware,DE
2001,51.470 ,"1,8",Delaware,DE
2000,47.046 ,"3,6",Delaware,DE
1999,37.854 ,"7,7",Delaware,DE
2021,1.061.603 ,"8,4",Florida,FL
2020,977.698 ,"-1,6",Florida,FL
2019,992.758 ,"2,6",Florida,FL
2018,895.220 ,"3,2",Florida,FL
2017,887.974 ,"3,5",Florida,FL
2016,861.282 ,"3,4",Florida,FL
2015,818.855 ,"3,1",Florida,FL
2014,641.093 ,"2,6",Florida,FL
2013,611.213 ,"2,3",Florida,FL
2012,605.966 ,"1,8",Florida,FL
2011,542.557 ,"-0,7",Florida,FL
2010,563.422 ,"0,1",Florida,FL
2009,527.259 ,"-6,3",Florida,FL
2008,518.997 ,"-4,1",Florida,FL
2007,571.115 ,"0,4",Florida,FL
2006,597.741 ,"3,5",Florida,FL
2005,567.359 ,"6,7",Florida,FL
2004,519.841 ,"5,6",Florida,FL
2003,521.997 ,"4,2",Florida,FL
2002,584.825 ,"3,9",Florida,FL
2001,579.565 ,"2,8",Florida,FL
2000,530.998 ,"4,0",Florida,FL
1999,429.779 ,"4,4",Florida,FL
2021,584.786 ,"7,0",Georgia,GA
2020,547.562 ,"-3,5",Georgia,GA
2019,569.891 ,"3,5",Georgia,GA
2018,510.048 ,"2,8",Georgia,GA
2017,507.902 ,"3,4",Georgia,GA
2016,494.667 ,"3,6",Georgia,GA
2015,469.588 ,"2,6",Georgia,GA
2014,368.897 ,"2,5",Georgia,GA
2013,349.938 ,"1,6",Georgia,GA
2012,348.509 ,"1,4",Georgia,GA
2011,310.096 ,"1,1",Georgia,GA
2010,315.374 ,"0,3",Georgia,GA
2009,293.656 ,"-4,0",Georgia,GA
2008,283.096 ,"-2,0",Georgia,GA
2007,306.170 ,"1,8",Georgia,GA
2006,323.364 ,"1,6",Georgia,GA
2005,313.108 ,"3,9",Georgia,GA
2004,293.257 ,"2,6",Georgia,GA
2003,302.843 ,"2,0",Georgia,GA
2002,345.866 ,"0,5",Georgia,GA
2001,354.484 ,"1,1",Georgia,GA
2000,330.849 ,"3,5",Georgia,GA
1999,271.334 ,"6,8",Georgia,GA
2021,77.024 ,"6,3",Hawaii,HI
2020,72.260 ,"-11,5",Hawaii,HI
2019,82.102 ,"-0,8",Hawaii,HI
2018,76.487 ,"1,1",Hawaii,HI
2017,77.204 ,"2,1",Hawaii,HI
2016,75.810 ,"1,9",Hawaii,HI
2015,73.213 ,"1,7",Hawaii,HI
2014,57.789 ,"0,8",Hawaii,HI
2013,56.137 ,"0,8",Hawaii,HI
2012,55.966 ,"1,3",Hawaii,HI
2011,49.629 ,"1,4",Hawaii,HI
2010,50.443 ,"2,7",Hawaii,HI
2009,46.279 ,"-3,5",Hawaii,HI
2008,44.655 ,"0,5",Hawaii,HI
2007,46.818 ,"1,6",Hawaii,HI
2006,48.460 ,"2,5",Hawaii,HI
2005,46.113 ,"5,3",Hawaii,HI
2004,42.088 ,"6,4",Hawaii,HI
2003,42.580 ,"4,6",Hawaii,HI
2002,47.213 ,"2,9",Hawaii,HI
2001,47.550 ,"-0,2",Hawaii,HI
2000,44.496 ,"1,8",Hawaii,HI
1999,36.583 ,"1,3",Hawaii,HI
2021,81.409 ,"6,6",Idaho,ID
2020,75.230 ,"1,3",Idaho,ID
2019,74.004 ,"4,7",Idaho,ID
2018,65.534 ,"5,9",Idaho,ID
2017,63.495 ,"2,2",Idaho,ID
2016,62.189 ,"3,8",Idaho,ID
2015,59.396 ,"1,9",Idaho,ID
2014,48.608 ,"2,1",Idaho,ID
2013,46.560 ,"2,5",Idaho,ID
2012,45.395 ,"0,4",Idaho,ID
2011,40.906 ,"0,1",Idaho,ID
2010,41.931 ,"1,3",Idaho,ID
2009,38.761 ,"-4,5",Idaho,ID
2008,38.211 ,"0,1",Idaho,ID
2007,39.354 ,"2,5",Idaho,ID
2006,40.718 ,"5,4",Idaho,ID
2005,39.099 ,"6,0",Idaho,ID
2004,35.636 ,"4,9",Idaho,ID
2003,35.794 ,"3,2",Idaho,ID
2002,40.898 ,"2,5",Idaho,ID
2001,41.859 ,"-2,7",Idaho,ID
2000,41.233 ,"11,5",Idaho,ID
1999,32.126 ,"9,9",Idaho,ID
2021,799.589 ,"6,2",Illinois,IL
2020,750.256 ,"-5,4",Illinois,IL
2019,794.587 ,"0,6",Illinois,IL
2018,732.990 ,"2,5",Illinois,IL
2017,730.206 ,"0,5",Illinois,IL
2016,729.102 ,"-0,3",Illinois,IL
2015,720.983 ,"2,3",Illinois,IL
2014,580.622 ,"1,0",Illinois,IL
2013,558.031 ,"-0,7",Illinois,IL
2012,565.379 ,"2,3",Illinois,IL
2011,497.759 ,"1,9",Illinois,IL
2010,502.681 ,"0,9",Illinois,IL
2009,465.918 ,"-2,7",Illinois,IL
2008,445.103 ,"-2,2",Illinois,IL
2007,474.385 ,"1,0",Illinois,IL
2006,497.167 ,"2,7",Illinois,IL
2005,474.087 ,"1,7",Illinois,IL
2004,452.658 ,"2,5",Illinois,IL
2003,471.201 ,"1,5",Illinois,IL
2002,543.952 ,"0,3",Illinois,IL
2001,560.019 ,"-0,2",Illinois,IL
2000,527.300 ,"3,4",Illinois,IL
1999,431.911 ,"3,4",Illinois,IL
2021,349.180 ,"5,8",Indiana,IN
2020,327.247 ,"-3,1",Indiana,IN
2019,340.449 ,"0,5",Indiana,IN
2018,316.001 ,"3,5",Indiana,IN
2017,312.119 ,"1,7",Indiana,IN
2016,307.616 ,"1,9",Indiana,IN
2015,299.185 ,"1,7",Indiana,IN
2014,246.864 ,"2,2",Indiana,IN
2013,235.026 ,"2,2",Indiana,IN
2012,233.899 ,"0,2",Indiana,IN
2011,209.308 ,"0,4",Indiana,IN
2010,213.142 ,"6,3",Indiana,IN
2009,188.792 ,"-6,3",Indiana,IN
2008,187.339 ,"-0,6",Indiana,IN
2007,199.569 ,"2,4",Indiana,IN
2006,206.756 ,"2,0",Indiana,IN
2005,199.478 ,0,Indiana,IN
2004,192.735 ,"3,6",Indiana,IN
2003,199.295 ,"3,6",Indiana,IN
2002,225.082 ,"2,4",Indiana,IN
2001,229.423 ,"-2,0",Indiana,IN
2000,220.659 ,"3,1",Indiana,IN
1999,181.223 ,"3,2",Indiana,IN
2021,183.360 ,"5,1",Iowa,IA
2020,172.459 ,"-1,6",Iowa,IA
2019,174.818 ,"0,1",Iowa,IA
2018,162.165 ,"1,6",Iowa,IA
2017,163.372 ,"0,3",Iowa,IA
2016,163.530 ,"-0,4",Iowa,IA
2015,162.505 ,"0,8",Iowa,IA
2014,130.294 ,"2,8",Iowa,IA
2013,122.130 ,"0,6",Iowa,IA
2012,123.395 ,"3,7",Iowa,IA
2011,106.665 ,"2,5",Iowa,IA
2010,107.290 ,"2,2",Iowa,IA
2009,98.146 ,"-1,8",Iowa,IA
2008,93.520 ,"-2,2",Iowa,IA
2007,100.642 ,"3,6",Iowa,IA
2006,101.861 ,"1,2",Iowa,IA
2005,99.020 ,"2,5",Iowa,IA
2004,94.211 ,"7,8",Iowa,IA
2003,92.931 ,"4,4",Iowa,IA
2002,104.227 ,"2,8",Iowa,IA
2001,105.893 ,"-1,9",Iowa,IA
2000,100.814 ,"5,0",Iowa,IA
1999,82.363 ,"2,1",Iowa,IA
2021,161.817 ,"2,5",Kansas,KS
2020,155.473 ,"-0,9",Kansas,KS
2019,157.717 ,"0,7",Kansas,KS
2018,145.930 ,"2,1",Kansas,KS
2017,146.218 ,"1,2",Kansas,KS
2016,144.955 ,"3,3",Kansas,KS
2015,139.665 ,"0,2",Kansas,KS
2014,113.047 ,"1,2",Kansas,KS
2013,108.789 ,"-0,8",Kansas,KS
2012,110.382 ,"0,6",Kansas,KS
2011,97.959 ,"3,7",Kansas,KS
2010,96.999 ,"3,3",Kansas,KS
2009,89.869 ,"-3,9",Kansas,KS
2008,87.438 ,"1,3",Kansas,KS
2007,90.389 ,"4,2",Kansas,KS
2006,90.866 ,"3,5",Kansas,KS
2005,84.821 ,"2,7",Kansas,KS
2004,79.655 ,"0,7",Kansas,KS
2003,84.300 ,"2,6",Kansas,KS
2002,96.853 ,"1,6",Kansas,KS
2001,99.245 ,"0,3",Kansas,KS
2000,93.221 ,"2,7",Kansas,KS
1999,76.828 ,"3,0",Kansas,KS
2021,200.543 ,"5,0",Kentucky,KY
2020,189.867 ,"-2,4",Kentucky,KY
2019,195.172 ,"2,7",Kentucky,KY
2018,176.595 ,"1,1",Kentucky,KY
2017,178.695 ,"1,0",Kentucky,KY
2016,177.509 ,"0,7",Kentucky,KY
2015,174.325 ,"1,1",Kentucky,KY
2014,141.501 ,"1,1",Kentucky,KY
2013,138.939 ,"1,0",Kentucky,KY
2012,138.655 ,"1,1",Kentucky,KY
2011,123.266 ,"1,8",Kentucky,KY
2010,125.525 ,"4,6",Kentucky,KY
2009,112.905 ,"-3,9",Kentucky,KY
2008,108.705 ,"-0,1",Kentucky,KY
2007,114.676 ,"-1,1",Kentucky,KY
2006,122.179 ,"2,6",Kentucky,KY
2005,116.559 ,"2,9",Kentucky,KY
2004,108.955 ,"2,4",Kentucky,KY
2003,113.138 ,"2,1",Kentucky,KY
2002,129.479 ,"2,6",Kentucky,KY
2001,131.362 ,"0,5",Kentucky,KY
2000,123.613 ,"-2,9",Kentucky,KY
1999,108.000 ,"3,5",Kentucky,KY
2021,218.628 ,"1,3",Louisiana,LA
2020,203.579 ,"-7,9",Louisiana,LA
2019,228.211 ,"-0,1",Louisiana,LA
2018,217.339 ,"1,7",Louisiana,LA
2017,213.520 ,"2,2",Louisiana,LA
2016,205.159 ,"-2,0",Louisiana,LA
2015,211.909 ,"1,7",Louisiana,LA
2014,181.210 ,"1,9",Louisiana,LA
2013,173.807 ,"-2,6",Louisiana,LA
2012,183.207 ,"0,6",Louisiana,LA
2011,165.190 ,"-4,5",Louisiana,LA
2010,169.955 ,"4,8",Louisiana,LA
2009,146.908 ,"1,7",Louisiana,LA
2008,144.406 ,"0,4",Louisiana,LA
2007,148.151 ,"-3,1",Louisiana,LA
2006,165.478 ,"-1,8",Louisiana,LA
2005,160.433 ,"5,4",Louisiana,LA
2004,137.476 ,"3,7",Louisiana,LA
2003,137.104 ,"4,3",Louisiana,LA
2002,147.844 ,"1,5",Louisiana,LA
2001,153.976 ,"1,9",Louisiana,LA
2000,143.613 ,"-3,2",Louisiana,LA
1999,118.040 ,"1,9",Louisiana,LA
2021,65.920 ,"6,2",Maine,ME
2020,61.933 ,"0,6",Maine,ME
2019,61.358 ,"2,5",Maine,ME
2018,55.442 ,"2,9",Maine,ME
2017,55.106 ,"1,6",Maine,ME
2016,54.435 ,"2,1",Maine,ME
2015,52.394 ,"0,4",Maine,ME
2014,42.462 ,"1,1",Maine,ME
2013,41.014 ,"-0,8",Maine,ME
2012,41.781 ,"-0,1",Maine,ME
2011,37.770 ,"-1,2",Maine,ME
2010,39.418 ,"1,1",Maine,ME
2009,36.653 ,"-1,8",Maine,ME
2008,34.480 ,"-0,7",Maine,ME
2007,36.818 ,"-0,7",Maine,ME
2006,39.061 ,"1,4",Maine,ME
2005,37.841 ,"0,2",Maine,ME
2004,36.345 ,"3,5",Maine,ME
2003,37.407 ,"2,4",Maine,ME
2002,42.794 ,"2,5",Maine,ME
2001,43.106 ,"1,7",Maine,ME
2000,39.942 ,"3,9",Maine,ME
1999,32.289 ,"4,7",Maine,ME
2021,375.353 ,"4,6",Maryland,MD
2020,359.771 ,"-4,3",Maryland,MD
2019,375.499 ,"0,0",Maryland,MD
2018,347.851 ,"0,5",Maryland,MD
2017,354.215 ,"1,7",Maryland,MD
2016,350.288 ,"3,4",Maryland,MD
2015,333.238 ,"1,5",Maryland,MD
2014,265.534 ,"1,6",Maryland,MD
2013,256.440 ,"-0,1",Maryland,MD
2012,258.813 ,"0,4",Maryland,MD
2011,234.397 ,"1,5",Maryland,MD
2010,237.405 ,"2,6",Maryland,MD
2009,214.441 ,"-0,2",Maryland,MD
2008,200.843 ,"0,9",Maryland,MD
2007,206.469 ,"1,4",Maryland,MD
2006,218.338 ,"1,9",Maryland,MD
2005,210.674 ,"3,7",Maryland,MD
2004,197.061 ,"4,6",Maryland,MD
2003,202.404 ,"2,8",Maryland,MD
2002,230.369 ,"3,5",Maryland,MD
2001,229.992 ,"4,0",Maryland,MD
2000,207.905 ,"3,3",Maryland,MD
1999,169.133 ,"4,0",Maryland,MD
2021,542.261 ,"6,6",Massachusetts,MA
2020,512.301 ,"-2,8",Massachusetts,MA
2019,526.936 ,"2,5",Massachusetts,MA
2018,476.761 ,"3,9",Massachusetts,MA
2017,470.043 ,"1,6",Massachusetts,MA
2016,464.936 ,"1,6",Massachusetts,MA
2015,449.618 ,"2,0",Massachusetts,MA
2014,354.135 ,"1,8",Massachusetts,MA
2013,342.084 ,"-0,6",Massachusetts,MA
2012,344.736 ,"2,3",Massachusetts,MA
2011,305.692 ,"2,3",Massachusetts,MA
2010,310.128 ,"3,4",Massachusetts,MA
2009,279.972 ,"-2,2",Massachusetts,MA
2008,265.691 ,"0,1",Massachusetts,MA
2007,276.191 ,"2,6",Massachusetts,MA
2006,286.134 ,"1,6",Massachusetts,MA
2005,274.892 ,"1,6",Massachusetts,MA
2004,262.672 ,"2,1",Massachusetts,MA
2003,275.096 ,"2,5",Massachusetts,MA
2002,319.201 ,"0,5",Massachusetts,MA
2001,331.475 ,"1,0",Massachusetts,MA
2000,312.680 ,"8,0",Massachusetts,MA
1999,248.306 ,"5,3",Massachusetts,MA
2021,483.813 ,"7,4",Michigan,MI
2020,455.354 ,"-4,0",Michigan,MI
2019,475.406 ,"0,1",Michigan,MI
2018,440.512 ,"2,0",Michigan,MI
2017,444.481 ,"1,2",Michigan,MI
2016,442.916 ,"1,9",Michigan,MI
2015,428.106 ,"1,4",Michigan,MI
2014,340.063 ,"1,5",Michigan,MI
2013,329.248 ,"1,6",Michigan,MI
2012,328.994 ,"1,6",Michigan,MI
2011,290.628 ,"2,5",Michigan,MI
2010,294.217 ,"5,1",Michigan,MI
2009,264.363 ,"-8,1",Michigan,MI
2008,265.448 ,"-5,1",Michigan,MI
2007,298.880 ,"-1,3",Michigan,MI
2006,320.061 ,"-1,7",Michigan,MI
2005,321.734 ,"1,3",Michigan,MI
2004,310.010 ,"-0,4",Michigan,MI
2003,330.776 ,"2,0",Michigan,MI
2002,384.582 ,"2,9",Michigan,MI
2001,390.672 ,"-2,8",Michigan,MI
2000,381.282 ,"1,4",Michigan,MI
1999,317.426 ,"5,2",Michigan,MI
2021,348.743 ,"5,4",Minnesota,MN
2020,329.902 ,"-3,5",Minnesota,MN
2019,342.972 ,"1,1",Minnesota,MN
2018,314.997 ,"2,9",Minnesota,MN
2017,313.061 ,"1,1",Minnesota,MN
2016,310.833 ,"1,6",Minnesota,MN
2015,302.416 ,"2,4",Minnesota,MN
2014,244.450 ,"2,6",Minnesota,MN
2013,234.264 ,"2,5",Minnesota,MN
2012,232.198 ,"1,3",Minnesota,MN
2011,206.206 ,"2,3",Minnesota,MN
2010,206.858 ,"3,3",Minnesota,MN
2009,187.904 ,"-3,9",Minnesota,MN
2008,181.820 ,"0,7",Minnesota,MN
2007,191.217 ,"0,1",Minnesota,MN
2006,200.937 ,"-0,3",Minnesota,MN
2005,197.235 ,"2,6",Minnesota,MN
2004,185.921 ,"3,3",Minnesota,MN
2003,190.702 ,"4,0",Minnesota,MN
2002,215.433 ,"2,4",Minnesota,MN
2001,218.855 ,"0,5",Minnesota,MN
2000,207.357 ,"6,7",Minnesota,MN
1999,164.908 ,"3,8",Minnesota,MN
2021,107.642 ,"3,8",Mississippi,MS
2020,100.791 ,"-0,5",Mississippi,MS
2019,102.041 ,"0,1",Mississippi,MS
2018,95.006 ,"-0,4",Mississippi,MS
2017,97.018 ,"0,0",Mississippi,MS
2016,96.930 ,"0,8",Mississippi,MS
2015,95.462 ,"0,7",Mississippi,MS
2014,78.510 ,"-0,3",Mississippi,MS
2013,77.081 ,"-0,5",Mississippi,MS
2012,78.182 ,"3,1",Mississippi,MS
2011,69.122 ,"-0,6",Mississippi,MS
2010,70.863 ,"1,2",Mississippi,MS
2009,65.810 ,"-3,3",Mississippi,MS
2008,64.261 ,"1,0",Mississippi,MS
2007,66.539 ,"1,9",Mississippi,MS
2006,69.369 ,"2,7",Mississippi,MS
2005,66.272 ,"1,8",Mississippi,MS
2004,62.704 ,"2,2",Mississippi,MS
2003,65.384 ,"4,0",Mississippi,MS
2002,73.244 ,"0,9",Mississippi,MS
2001,75.004 ,"-0,9",Mississippi,MS
2000,71.106 ,"0,5",Mississippi,MS
1999,59.935 ,"2,8",Mississippi,MS
2021,303.181 ,"4,6",Missouri,MO
2020,289.135 ,"-2,7",Missouri,MO
2019,296.995 ,"2,1",Missouri,MO
2018,269.393 ,"1,2",Missouri,MO
2017,272.641 ,"0,8",Missouri,MO
2016,271.853 ,"0,0",Missouri,MO
2015,267.624 ,"1,3",Missouri,MO
2014,216.415 ,"1,1",Missouri,MO
2013,211.257 ,"1,5",Missouri,MO
2012,211.344 ,"0,7",Missouri,MO
2011,188.267 ,"-1,2",Missouri,MO
2010,195.984 ,"1,3",Missouri,MO
2009,181.616 ,"-1,8",Missouri,MO
2008,172.726 ,"0,9",Missouri,MO
2007,178.279 ,"0,2",Missouri,MO
2006,188.265 ,"0,9",Missouri,MO
2005,183.242 ,"1,5",Missouri,MO
2004,174.519 ,"2,2",Missouri,MO
2003,181.744 ,"2,4",Missouri,MO
2002,208.923 ,"0,8",Missouri,MO
2001,212.882 ,"-0,5",Missouri,MO
2000,202.090 ,"2,8",Missouri,MO
1999,166.765 ,"2,8",Missouri,MO
2021,49.632 ,"4,8",Montana,MT
2020,45.838 ,"-0,3",Montana,MT
2019,46.383 ,"0,7",Montana,MT
2018,43.113 ,"1,3",Montana,MT
2017,42.962 ,"3,5",Montana,MT
2016,41.098 ,"-2,1",Montana,MT
2015,42.005 ,"3,5",Montana,MT
2014,34.006 ,"2,0",Montana,MT
2013,32.895 ,"1,2",Montana,MT
2012,32.955 ,"1,1",Montana,MT
2011,29.451 ,"3,5",Montana,MT
2010,28.918 ,"3,4",Montana,MT
2009,25.945 ,"-2,9",Montana,MT
2008,25.309 ,"0,7",Montana,MT
2007,26.438 ,"4,9",Montana,MT
2006,26.415 ,"3,0",Montana,MT
2005,24.818 ,"4,1",Montana,MT
2004,22.639 ,"3,9",Montana,MT
2003,22.732 ,"4,3",Montana,MT
2002,25.319 ,"2,1",Montana,MT
2001,25.511 ,"1,9",Montana,MT
2000,23.686 ,"2,2",Montana,MT
1999,19.527 ,"1,6",Montana,MT
2021,123.688 ,"3,4",Nebraska,NE
2020,117.826 ,"-0,4",Nebraska,NE
2019,117.791 ,"1,6",Nebraska,NE
2018,107.549 ,"2,3",Nebraska,NE
2017,107.751 ,"1,4",Nebraska,NE
2016,106.736 ,"1,1",Nebraska,NE
2015,105.015 ,"2,1",Nebraska,NE
2014,84.265 ,"1,9",Nebraska,NE
2013,80.763 ,"2,6",Nebraska,NE
2012,79.955 ,"0,4",Nebraska,NE
2011,71.782 ,"4,2",Nebraska,NE
2010,69.067 ,"3,8",Nebraska,NE
2009,62.282 ,"0,2",Nebraska,NE
2008,58.219 ,"0,9",Nebraska,NE
2007,61.171 ,"1,5",Nebraska,NE
2006,62.770 ,"2,8",Nebraska,NE
2005,59.934 ,"2,3",Nebraska,NE
2004,56.652 ,"1,8",Nebraska,NE
2003,58.701 ,"6,2",Nebraska,NE
2002,64.951 ,"1,7",Nebraska,NE
2001,66.556 ,"1,5",Nebraska,NE
2000,61.203 ,"3,9",Nebraska,NE
1999,50.371 ,"2,3",Nebraska,NE
2021,164.443 ,"8,9",Nevada,NV
2020,151.079 ,"-6,7",Nevada,NV
2019,162.739 ,"4,3",Nevada,NV
2018,144.164 ,"3,4",Nevada,NV
2017,142.209 ,"3,9",Nevada,NV
2016,137.176 ,"2,7",Nevada,NV
2015,130.794 ,"2,8",Nevada,NV
2014,102.378 ,"3,4",Nevada,NV
2013,99.455 ,"-0,3",Nevada,NV
2012,100.648 ,"-0,2",Nevada,NV
2011,91.723 ,"0,7",Nevada,NV
2010,94.040 ,"-0,8",Nevada,NV
2009,87.559 ,"-9,0",Nevada,NV
2008,88.802 ,"-3,6",Nevada,NV
2007,96.039 ,"0,9",Nevada,NV
2006,100.230 ,"3,1",Nevada,NV
2005,93.374 ,"8,4",Nevada,NV
2004,82.990 ,"10,7",Nevada,NV
2003,80.122 ,"4,7",Nevada,NV
2002,89.899 ,"3,4",Nevada,NV
2001,89.805 ,"2,2",Nevada,NV
2000,83.189 ,"4,4",Nevada,NV
1999,67.176 ,"7,2",Nevada,NV
2021,577.446 ,"5,9",New Jersey,NJ
2020,542.887 ,"-4,4",New Jersey,NJ
2019,569.567 ,"1,7",New Jersey,NJ
2018,519.989 ,"2,3",New Jersey,NJ
2017,519.980 ,"0,5",New Jersey,NJ
2016,519.921 ,"1,0",New Jersey,NJ
2015,507.647 ,"1,8",New Jersey,NJ
2014,408.613 ,"0,8",New Jersey,NJ
2013,402.212 ,"0,4",New Jersey,NJ
2012,402.550 ,"1,8",New Jersey,NJ
2011,356.297 ,"-0,8",New Jersey,NJ
2010,371.700 ,"0,9",New Jersey,NJ
2009,345.898 ,"-4,2",New Jersey,NJ
2008,337.386 ,"0,4",New Jersey,NJ
2007,346.492 ,"0,4",New Jersey,NJ
2006,364.442 ,"1,6",New Jersey,NJ
2005,350.243 ,"1,8",New Jersey,NJ
2004,333.506 ,"1,8",New Jersey,NJ
2003,354.477 ,"2,4",New Jersey,NJ
2002,408.347 ,"2,3",New Jersey,NJ
2001,417.260 ,"1,1",New Jersey,NJ
2000,390.868 ,"4,5",New Jersey,NJ
1999,315.317 ,"3,2",New Jersey,NJ
2021,1.607.590 ,"5,7",New York,NY
2020,1.524.080 ,"-4,6",New York,NY
2019,1.596.843 ,"2,9",New York,NY
2018,1.437.478 ,"2,8",New York,NY
2017,1.420.421 ,"1,1",New York,NY
2016,1.401.530 ,"2,2",New York,NY
2015,1.340.809 ,"1,4",New York,NY
2014,1.077.097 ,"1,2",New York,NY
2013,1.028.182 ,"0,2",New York,NY
2012,1.033.806 ,"2,9",New York,NY
2011,896.269 ,"0,4",New York,NY
2010,922.931 ,"4,2",New York,NY
2009,831.719 ,"2,1",New York,NY
2008,759.173 ,"-2,9",New York,NY
2007,816.769 ,"0,4",New York,NY
2006,856.288 ,"2,8",New York,NY
2005,816.685 ,"4,4",New York,NY
2004,777.516 ,"3,1",New York,NY
2003,806.643 ,"0,2",New York,NY
2002,941.474 ,"-0,1",New York,NY
2001,980.735 ,"3,0",New York,NY
2000,910.764 ,"3,0",New York,NY
1999,746.134 ,"4,9",New York,NY
2021,84.276 ,"9,3",New Hampshire,NH
2020,77.340 ,"-1,2",New Hampshire,NH
2019,78.015 ,"1,8",New Hampshire,NH
2018,71.016 ,"2,0",New Hampshire,NH
2017,71.345 ,"0,5",New Hampshire,NH
2016,71.452 ,"2,1",New Hampshire,NH
2015,68.930 ,"0,8",New Hampshire,NH
2014,54.946 ,"2,4",New Hampshire,NH
2013,53.065 ,"0,1",New Hampshire,NH
2012,53.314 ,"0,9",New Hampshire,NH
2011,47.524 ,"1,0",New Hampshire,NH
2010,48.913 ,"2,6",New Hampshire,NH
2009,44.826 ,"-1,6",New Hampshire,NH
2008,41.950 ,"-1,1",New Hampshire,NH
2007,45.080 ,"-0,1",New Hampshire,NH
2006,47.799 ,"1,4",New Hampshire,NH
2005,45.778 ,"2,7",New Hampshire,NH
2004,44.150 ,"3,2",New Hampshire,NH
2003,45.649 ,"4,3",New Hampshire,NH
2002,51.882 ,"3,4",New Hampshire,NH
2001,52.275 ,"0,6",New Hampshire,NH
2000,49.093 ,"5,8",New Hampshire,NH
1999,39.365 ,"2,2",New Hampshire,NH
2021,92.655 ,"1,2",New Mexico,
2020,86.491 ,"-2,5",New Mexico,
2019,91.137 ,"4,4",New Mexico,
2018,82.361 ,"2,2",New Mexico,
2017,81.680 ,"-0,2",New Mexico,
2016,81.100 ,"-0,6",New Mexico,
2015,81.365 ,"0,7",New Mexico,
2014,69.391 ,"2,6",New Mexico,
2013,66.830 ,"-0,9",New Mexico,
2012,68.435 ,"0,3",New Mexico,
2011,62.545 ,"0,4",New Mexico,
2010,63.824 ,"0,7",New Mexico,
2009,59.121 ,"0,1",New Mexico,
2008,57.580 ,"2,7",New Mexico,
2007,58.956 ,"0,2",New Mexico,
2006,61.811 ,"1,5",New Mexico,
2005,59.410 ,"0,5",New Mexico,
2004,56.240 ,"6,2",New Mexico,
2003,55.385 ,"3,3",New Mexico,
2002,61.134 ,"2,5",New Mexico,
2001,62.293 ,"1,2",New Mexico,
2000,59.663 ,"2,1",New Mexico,
1999,49.744 ,"6,0",New Mexico,
2021,639.737 ,"5,9",Ohio,OH
2020,599.179 ,"-3,1",Ohio,OH
2019,622.748 ,"2,6",Ohio,OH
2018,564.873 ,"0,7",Ohio,OH
2017,571.512 ,"1,7",Ohio,OH
2016,563.073 ,"0,9",Ohio,OH
2015,550.716 ,"1,8",Ohio,OH
2014,448.356 ,"3,3",Ohio,OH
2013,426.574 ,"1,0",Ohio,OH
2012,424.767 ,"1,9",Ohio,OH
2011,379.447 ,"3,1",Ohio,OH
2010,377.548 ,"2,1",Ohio,OH
2009,345.771 ,"-4,9",Ohio,OH
2008,337.857 ,"-2,0",Ohio,OH
2007,363.197 ,"-0,2",Ohio,OH
2006,384.468 ,"0,1",Ohio,OH
2005,376.892 ,"0,9",Ohio,OH
2004,358.731 ,"2,9",Ohio,OH
2003,374.629 ,"1,7",Ohio,OH
2002,434.681 ,"2,3",Ohio,OH
2001,443.216 ,"-1,2",Ohio,OH
2000,424.726 ,"2,1",Ohio,OH
1999,353.223 ,"2,2",Ohio,OH
2021,182.072 ,"0,4",Oklahoma,OK
2020,166.401 ,"-4,3",Oklahoma,OK
2019,182.396 ,"1,9",Oklahoma,OK
2018,171.645 ,"1,8",Oklahoma,OK
2017,168.676 ,"0,5",Oklahoma,OK
2016,163.741 ,"-2,1",Oklahoma,OK
2015,168.378 ,"1,3",Oklahoma,OK
2014,148.010 ,"3,3",Oklahoma,OK
2013,137.561 ,"2,7",Oklahoma,OK
2012,136.110 ,"4,5",Oklahoma,OK
2011,119.422 ,"5,0",Oklahoma,OK
2010,116.382 ,"1,4",Oklahoma,OK
2009,105.128 ,"-1,5",Oklahoma,OK
2008,109.304 ,"1,9",Oklahoma,OK
2007,106.350 ,"1,5",Oklahoma,OK
2006,109.459 ,"5,4",Oklahoma,OK
2005,100.540 ,"3,2",Oklahoma,OK
2004,91.546 ,"3,0",Oklahoma,OK
2003,93.453 ,"1,9",Oklahoma,OK
2002,105.202 ,"0,9",Oklahoma,OK
2001,108.374 ,"3,3",Oklahoma,OK
2000,98.629 ,"3,3",Oklahoma,OK
1999,79.024 ,"2,7",Oklahoma,OK
2021,230.144 ,"5,7",Oregon,OR
2020,217.096 ,"-1,8",Oregon,OR
2019,220.842 ,"2,2",Oregon,OR
2018,200.774 ,"4,6",Oregon,OR
2017,197.045 ,"3,8",Oregon,OR
2016,190.899 ,"4,3",Oregon,OR
2015,180.856 ,"4,1",Oregon,OR
2014,141.604 ,"0,9",Oregon,OR
2013,135.176 ,"-1,4",Oregon,OR
2012,135.905 ,"-3,0",Oregon,OR
2011,122.580 ,"4,2",Oregon,OR
2010,123.812 ,"5,2",Oregon,OR
2009,114.430 ,"-0,5",Oregon,OR
2008,112.133 ,"5,5",Oregon,OR
2007,116.443 ,"3,2",Oregon,OR
2006,122.326 ,"8,8",Oregon,OR
2005,115.351 ,"2,0",Oregon,OR
2004,109.050 ,"9,0",Oregon,OR
2003,111.980 ,"3,8",Oregon,OR
2002,127.607 ,"2,7",Oregon,OR
2001,130.598 ,"-1,5",Oregon,OR
2000,126.846 ,"8,8",Oregon,OR
1999,100.977 ,"2,3",Oregon,OR
2021,714.041 ,"4,4",,
2020,675.550 ,"-4,8",,
2019,714.505 ,"1,6",,
2018,655.358 ,"1,3",,
2017,660.743 ,"1,0",,
2016,656.393 ,"0,9",,
2015,643.716 ,"1,7",,
2014,522.501 ,"2,3",,
2013,503.403 ,"1,2",,
2012,504.301 ,"1,1",,
2011,448.865 ,"1,4",,
2010,456.164 ,"2,4",,
2009,417.368 ,"-1,8",,
2008,399.799 ,"0,4",,
2007,412.865 ,"1,3",,
2006,423.124 ,"1,5",,
2005,411.327 ,"1,4",,
2004,391.757 ,"1,9",,
2003,406.887 ,"2,0",,
2002,466.341 ,"1,1",,
2001,476.897 ,"1,8",,
2000,443.006 ,"2,7",,
1999,366.783 ,"3,0",,
2021,56.287 ,"6,0",Rhode Island,RI
2020,53.205 ,"-3,6",Rhode Island,RI
2019,55.063 ,"1,6",Rhode Island,RI
2018,50.204 ,"-0,3",Rhode Island,RI
2017,51.416 ,"-0,4",Rhode Island,RI
2016,51.815 ,"0,2",Rhode Island,RI
2015,50.825 ,"1,1",Rhode Island,RI
2014,41.069 ,"2,2",Rhode Island,RI
2013,39.932 ,"0,6",Rhode Island,RI
2012,40.149 ,"1,0",Rhode Island,RI
2011,36.068 ,"-0,3",Rhode Island,RI
2010,37.315 ,"2,1",Rhode Island,RI
2009,34.200 ,"-1,2",Rhode Island,RI
2008,32.144 ,"-2,7",Rhode Island,RI
2007,34.543 ,"-2,3",Rhode Island,RI
2006,37.595 ,"2,0",Rhode Island,RI
2005,35.668 ,"0,8",Rhode Island,RI
2004,34.057 ,"3,9",Rhode Island,RI
2003,35.041 ,"4,2",Rhode Island,RI
2002,39.984 ,"3,5",Rhode Island,RI
2001,40.043 ,"2,2",Rhode Island,RI
2000,37.318 ,"4,4",Rhode Island,RI
1999,30.275 ,"3,5",Rhode Island,RI
2021,361.144 ,"9,0",Tennessee,TN
2020,331.822 ,"-2,3",Tennessee,TN
2019,339.552 ,"2,4",Tennessee,TN
2018,307.414 ,"1,4",Tennessee,TN
2017,310.559 ,"2,8",Tennessee,TN
2016,303.924 ,"1,9",Tennessee,TN
2015,293.190 ,"2,0",Tennessee,TN
2014,230.450 ,"1,6",Tennessee,TN
2013,222.771 ,"1,1",Tennessee,TN
2012,222.869 ,"3,4",Tennessee,TN
2011,193.832 ,"2,7",Tennessee,TN
2010,194.445 ,"1,9",Tennessee,TN
2009,180.910 ,"-3,9",Tennessee,TN
2008,172.860 ,"1,1",Tennessee,TN
2007,181.461 ,"-1,0",Tennessee,TN
2006,193.998 ,"2,0",Tennessee,TN
2005,186.186 ,"1,0",Tennessee,TN
2004,176.323 ,"4,3",Tennessee,TN
2003,181.335 ,"3,0",Tennessee,TN
2002,207.027 ,"3,1",Tennessee,TN
2001,208.175 ,"0,6",Tennessee,TN
2000,197.323 ,"1,0",Tennessee,TN
1999,165.399 ,"3,3",Tennessee,TN
2021,1.734.817 ,"3,9",Texas,TX
2020,1.567.093 ,"-1,8",Texas,TX
2019,1.660.346 ,"3,0",Texas,TX
2018,1.532.089 ,"4,2",Texas,TX
2017,1.481.132 ,"2,4",Texas,TX
2016,1.426.520 ,"0,9",Texas,TX
2015,1.418.205 ,"3,8",Texas,TX
2014,1.188.784 ,"3,8",Texas,TX
2013,1.140.875 ,"4,3",Texas,TX
2012,1.106.149 ,"5,4",Texas,TX
2011,963.602 ,"3,4",Texas,TX
2010,939.850 ,"2,9",Texas,TX
2009,838.549 ,"-0,3",Texas,TX
2008,845.999 ,"0,5",Texas,TX
2007,869.094 ,"4,6",Texas,TX
2006,878.622 ,"5,7",Texas,TX
2005,799.978 ,"1,8",Texas,TX
2004,734.339 ,"4,9",Texas,TX
2003,736.689 ,"0,6",Texas,TX
2002,835.255 ,"1,6",Texas,TX
2001,863.528 ,"2,6",Texas,TX
2000,799.780 ,"3,6",Texas,TX
1999,637.897 ,"4,3",Texas,TX
2021,190.530 ,"6,8",Utah,UT
2020,176.968 ,"1,7",Utah,UT
2019,175.560 ,"4,5",Utah,UT
2018,156.188 ,"6,4",Utah,UT
2017,149.287 ,"4,6",Utah,UT
2016,142.585 ,"4,4",Utah,UT
2015,134.433 ,"3,3",Utah,UT
2014,107.000 ,"2,2",Utah,UT
2013,101.988 ,"2,9",Utah,UT
2012,100.804 ,"0,8",Utah,UT
2011,90.205 ,"2,8",Utah,UT
2010,89.515 ,"1,7",Utah,UT
2009,81.722 ,"-1,3",Utah,UT
2008,79.670 ,"-1,5",Utah,UT
2007,83.775 ,"5,9",Utah,UT
2006,84.850 ,"8,1",Utah,UT
2005,76.646 ,"5,8",Utah,UT
2004,69.203 ,"4,7",Utah,UT
2003,69.789 ,"2,2",Utah,UT
2002,80.157 ,"1,5",Utah,UT
2001,81.574 ,"2,5",Utah,UT
2000,76.111 ,"4,6",Utah,UT
1999,61.943 ,"4,6",Utah,UT
2021,31.372 ,"5,1",Vermont,VT
2020,29.783 ,"-2,9",Vermont,VT
2019,30.577 ,"1,1",Vermont,VT
2018,27.999 ,"0,4",Vermont,VT
2017,28.562 ,"0,3",Vermont,VT
2016,28.603 ,"1,0",Vermont,VT
2015,27.880 ,"0,2",Vermont,VT
2014,22.657 ,"1,5",Vermont,VT
2013,22.054 ,"-0,4",Vermont,VT
2012,22.759 ,0,Vermont,VT
2011,20.416 ,"2,8",Vermont,VT
2010,20.673 ,"3,8",Vermont,VT
2009,18.712 ,"-2,6",Vermont,VT
2008,17.677 ,"0,5",Vermont,VT
2007,18.094 ,"-0,7",Vermont,VT
2006,19.378 ,"0,6",Vermont,VT
2005,18.976 ,"1,6",Vermont,VT
2004,18.441 ,"3,6",Vermont,VT
2003,18.824 ,"4,2",Vermont,VT
2002,21.439 ,"3,1",Vermont,VT
2001,21.576 ,"2,8",Vermont,VT
2000,19.858 ,"5,0",Vermont,VT
1999,16.116 ,"5,1",Vermont,VT
2021,511.506 ,"5,5",Virginia,VA
2020,487.649 ,"-2,1",Virginia,VA
2019,498.226 ,"2,4",Virginia,VA
2018,451.233 ,"2,3",Virginia,VA
2017,452.434 ,"1,6",Virginia,VA
2016,448.117 ,"1,1",Virginia,VA
2015,436.040 ,"1,4",Virginia,VA
2014,350.156 ,"0,2",Virginia,VA
2013,344.583 ,"-0,2",Virginia,VA
2012,347.115 ,"0,7",Virginia,VA
2011,312.630 ,"0,7",Virginia,VA
2010,322.088 ,"2,4",Virginia,VA
2009,294.643 ,"0,5",Virginia,VA
2008,275.112 ,"0,1",Virginia,VA
2007,285.808 ,"0,6",Virginia,VA
2006,299.646 ,"2,3",Virginia,VA
2005,287.814 ,"5,3",Virginia,VA
2004,266.995 ,"3,9",Virginia,VA
2003,275.518 ,"3,7",Virginia,VA
2002,312.347 ,"0,5",Virginia,VA
2001,318.932 ,"2,9",Virginia,VA
2000,290.679 ,"4,1",Virginia,VA
1999,234.379 ,"5,1",Virginia,VA
2021,572.833 ,"6,7",Washington,WA
2020,536.657 ,"1,1",Washington,WA
2019,531.694 ,"3,5",Washington,WA
2018,477.827 ,"6,9",Washington,WA
2017,459.777 ,"5,2",Washington,WA
2016,440.216 ,"3,7",Washington,WA
2015,420.631 ,"2,9",Washington,WA
2014,331.688 ,"3,0",Washington,WA
2013,315.558 ,"1,4",Washington,WA
2012,311.745 ,"2,6",Washington,WA
2011,272.683 ,"0,8",Washington,WA
2010,275.702 ,"1,8",Washington,WA
2009,251.825 ,"-2,2",Washington,WA
2008,241.225 ,"1,2",Washington,WA
2007,249.562 ,"5,7",Washington,WA
2006,250.291 ,"3,2",Washington,WA
2005,236.055 ,"6,1",Washington,WA
2004,215.756 ,"1,6",Washington,WA
2003,225.752 ,"1,7",Washington,WA
2002,260.130 ,"1,8",Washington,WA
2001,266.211 ,"-2,5",Washington,WA
2000,257.014 ,"1,2",Washington,WA
1999,215.611 ,"6,6",Washington,WA
2021,311.669 ,"4,6",Wisconsin,WI
2020,298.189 ,"-3,5",Wisconsin,WI
2019,308.384 ,"1,5",Wisconsin,WI
2018,281.540 ,"2,5",Wisconsin,WI
2017,281.765 ,0,Wisconsin,WI
2016,283.741 ,"1,0",Wisconsin,WI
2015,277.159 ,"1,8",Wisconsin,WI
2014,222.579 ,"2,1",Wisconsin,WI
2013,214.043 ,"0,7",Wisconsin,WI
2012,215.681 ,"1,4",Wisconsin,WI
2011,191.354 ,"2,2",Wisconsin,WI
2010,193.432 ,"2,5",Wisconsin,WI
2009,177.237 ,"-2,6",Wisconsin,WI
2008,167.810 ,"-1,2",Wisconsin,WI
2007,179.379 ,"0,3",Wisconsin,WI
2006,189.208 ,"1,4",Wisconsin,WI
2005,182.700 ,"2,1",Wisconsin,WI
2004,173.275 ,"3,1",Wisconsin,WI
2003,179.755 ,"3,0",Wisconsin,WI
2002,205.857 ,"2,3",Wisconsin,WI
2001,210.097 ,"0,7",Wisconsin,WI
2000,195.352 ,"2,5",Wisconsin,WI
1999,161.591 ,"3,9",Wisconsin,WI
2021,35.098 ,"0,4",Wyoming,WT
2020,31.807 ,"-5,7",Wyoming,WT
2019,35.219 ,"1,0",Wyoming,WT
2018,33.168 ,"1,5",Wyoming,WT
2017,32.735 ,"-1,8",Wyoming,WT
2016,32.414 ,"-5,5",Wyoming,WT
2015,34.634 ,"0,4",Wyoming,WT
2014,30.343 ,"0,5",Wyoming,WT
2013,29.583 ,"0,4",Wyoming,WT
2012,30.242 ,"-4,4",Wyoming,WT
2011,28.557 ,"-0,1",Wyoming,WT
2010,28.423 ,"-2,0",Wyoming,WT
2009,25.991 ,"-2,6",Wyoming,WT
2008,29.113 ,"7,7",Wyoming,WT
2007,26.962 ,"5,7",Wyoming,WT
2006,26.075 ,"12,0",Wyoming,WT
2005,22.166 ,"4,4",Wyoming,WT
2004,18.835 ,"3,8",Wyoming,WT
2003,18.736 ,"2,8",Wyoming,WT
2002,20.268 ,"1,6",Wyoming,WT
2001,20.889 ,"5,7",Wyoming,WT
2000,18.571 ,"3,6",Wyoming,WT
1999,14.712 ,"3,8",Wyoming,WT
2021,72.237 ,"1,3",West Virginia,WV
2020,67.018 ,"-3,0",West Virginia,WV
2019,70.858 ,"-0,7",West Virginia,WV
2018,67.056 ,"2,4",West Virginia,WV
2017,66.230 ,"2,0",West Virginia,WV
2016,64.075 ,"-0,9",West Virginia,WV
2015,64.280 ,"0,1",West Virginia,WV
2014,54.684 ,"0,7",West Virginia,WV
2013,53.822 ,"1,4",West Virginia,WV
2012,54.734 ,"-1,5",West Virginia,WV
2011,49.737 ,"2,4",West Virginia,WV
2010,49.784 ,"2,8",West Virginia,WV
2009,45.598 ,"0,1",West Virginia,WV
2008,42.626 ,"2,5",West Virginia,WV
2007,43.250 ,"-0,3",West Virginia,WV
2006,45.405 ,"1,6",West Virginia,WV
2005,42.997 ,"2,6",West Virginia,WV
2004,39.988 ,"1,9",West Virginia,WV
2003,41.584 ,"0,3",West Virginia,WV
2002,48.203 ,"1,1",West Virginia,WV
2001,49.099 ,"-0,3",West Virginia,WV
2000,46.011 ,"-0,6",West Virginia,WV
1999,39.139 ,"3,7",West Virginia,WV
