Fecha,Personas en riesgo de pobreza,% Riesgo Pobreza,Estado
2020,727 k,"14,9%",alabama
2019,627 k,"12,9%",alabama
2018,779 k,"16,0%",alabama
2017,735 k,"15,3%",alabama
2016,782 k,"16,2%",alabama
2015,784 k,"16,3%",alabama
2014,848 k,"17,8%",alabama
2013,891 k,"18,5%",alabama
2012,777 k,"16,2%",alabama
2011,732 k,"15,4%",alabama
2010,812 k,"17,2%",alabama
2009,770 k,"16,6%",alabama
2008,675 k,"14,3%",alabama
2007,662 k,"14,5%",alabama
2006,650 k,"14,3%",alabama
2005,750 k,"16,7%",alabama
2004,762 k,"16,9%",alabama
2003,663 k,"15,0%",alabama
2002,640 k,"14,5%",alabama
2001,696 k,"15,9%",alabama
2000,583 k,"13,3%",alabama
1999,668 k,"15,2%",alabama
1998,609 k,"14,5%",alabama
1997,665 k,"15,7%",alabama
1996,595 k,"14,0%",alabama
1995,882 k,"20,1%",alabama
1994,704 k,"16,4%",alabama
1993,725 k,"17,4%",alabama
1992,729 k,"17,3%",alabama
1991,786 k,"18,8%",alabama
1990,779 k,"19,2%",alabama
1989,770 k,"18,9%",alabama
1988,775 k,"19,3%",alabama
1987,851 k,"21,3%",alabama
1986,959 k,"23,8%",alabama
1985,821 k,"20,6%",alabama
1984,738 k,"19,1%",alabama
1983,909 k,"23,0%",alabama
1982,849 k,"21,6%",alabama
1981,935 k,"24,1%",alabama
1980,810 k,"21,2%",alabama
2020,94 k,"13,3%",alaska
2019,72 k,"10,2%",alaska
2018,94 k,"13,1%",alaska
2017,87 k,"12,1%",alaska
2016,89 k,"12,6%",alaska
2015,65 k,"9,2%",alaska
2014,82 k,"11,9%",alaska
2013,67 k,"9,7%",alaska
2012,70 k,"10,0%",alaska
2011,83 k,"11,7%",alaska
2010,87 k,"12,5%",alaska
2009,81 k,"11,7%",alaska
2008,55 k,"8,2%",alaska
2007,51 k,"7,6%",alaska
2006,58 k,"8,9%",alaska
2005,66 k,"10,0%",alaska
2004,59 k,"9,1%",alaska
2003,62 k,"9,6%",alaska
2002,56 k,"8,8%",alaska
2001,54 k,"8,5%",alaska
2000,47 k,"7,6%",alaska
1999,48 k,"7,6%",alaska
1998,60 k,"9,4%",alaska
1997,56 k,"8,8%",alaska
1996,54 k,"8,2%",alaska
1995,45 k,"7,1%",alaska
1994,61 k,"10,2%",alaska
1993,52 k,"9,1%",alaska
1992,58 k,"10,2%",alaska
1991,62 k,"11,8%",alaska
1990,57 k,"11,4%",alaska
1989,51 k,"10,5%",alaska
1988,53 k,"11,0%",alaska
1987,60 k,"12,0%",alaska
1986,59 k,"11,4%",alaska
1985,45 k,"8,7%",alaska
1984,49 k,"9,6%",alaska
1983,61 k,"12,6%",alaska
1982,46 k,"10,6%",alaska
1981,36 k,"9,0%",alaska
1980,36 k,"9,6%",alaska
2020,807 k,"10,8%",arizona
2019,725 k,"9,9%",arizona
2018,929 k,"12,8%",arizona
2017,951 k,"13,6%",arizona
2016,1.108 k,"16,1%",arizona
2015,1.156 k,"17,2%",arizona
2014,1.409 k,"21,2%",arizona
2013,1.163 k,"17,8%",arizona
2012,1.260 k,"19,0%",arizona
2011,1.128 k,"17,2%",arizona
2010,1.208 k,"18,8%",arizona
2009,1.381 k,"21,2%",arizona
2008,1.172 k,"18,0%",arizona
2007,912 k,"14,3%",arizona
2006,902 k,"14,4%",arizona
2005,917 k,"15,2%",arizona
2004,830 k,"14,4%",arizona
2003,749 k,"13,5%",arizona
2002,735 k,"13,5%",arizona
2001,778 k,"14,6%",arizona
2000,607 k,"11,7%",arizona
1999,616 k,"12,2%",arizona
1998,812 k,"16,6%",arizona
1997,797 k,"17,2%",arizona
1996,980 k,"20,5%",arizona
1995,700 k,"16,1%",arizona
1994,673 k,"15,9%",arizona
1993,615 k,"15,4%",arizona
1992,607 k,"15,8%",arizona
1991,532 k,"14,8%",arizona
1990,484 k,"13,7%",arizona
1989,502 k,"14,1%",arizona
1988,491 k,"14,1%",arizona
1987,444 k,"12,8%",arizona
1986,484 k,"14,3%",arizona
1985,345 k,"10,7%",arizona
1984,569 k,"18,2%",arizona
1983,469 k,"16,3%",arizona
1982,408 k,"14,8%",arizona
1981,323 k,"11,7%",arizona
1980,354 k,"12,8%",arizona
2020,422 k,"14,2%",arkansas
2019,412 k,"14,1%",arkansas
2018,462 k,"15,9%",arkansas
2017,436 k,"14,9%",arkansas
2016,471 k,"16,0%",arkansas
2015,475 k,"16,1%",arkansas
2014,532 k,"18,4%",arkansas
2013,395 k,"13,9%",arkansas
2012,584 k,"20,1%",arkansas
2011,545 k,"18,7%",arkansas
2010,440 k,"15,3%",arkansas
2009,538 k,"18,9%",arkansas
2008,431 k,"15,3%",arkansas
2007,387 k,"13,8%",arkansas
2006,487 k,"17,7%",arkansas
2005,382 k,"13,8%",arkansas
2004,412 k,"15,1%",arkansas
2003,474 k,"17,8%",arkansas
2002,532 k,"19,8%",arkansas
2001,472 k,"17,8%",arkansas
2000,436 k,"16,5%",arkansas
1999,384 k,"14,7%",arkansas
1998,377 k,"14,7%",arkansas
1997,515 k,"19,7%",arkansas
1996,449 k,"17,2%",arkansas
1995,376 k,"14,9%",arkansas
1994,369 k,"15,3%",arkansas
1993,484 k,"20,0%",arkansas
1992,430 k,"17,5%",arkansas
1991,425 k,"17,3%",arkansas
1990,472 k,"19,6%",arkansas
1989,442 k,"18,3%",arkansas
1988,527 k,"21,6%",arkansas
1987,537 k,"21,8%",arkansas
1986,499 k,"21,3%",arkansas
1985,541 k,"22,9%",arkansas
1984,564 k,"23,9%",arkansas
1983,492 k,"21,5%",arkansas
1982,527 k,"23,8%",arkansas
1981,541 k,"24,1%",arkansas
1980,484 k,"21,5%",arkansas
2020,4.318 k,"11,0%",california
2019,3.980 k,"10,1%",california
2018,4.664 k,"11,9%",california
2017,4.759 k,"12,1%",california
2016,5.435 k,"13,9%",california
2015,5.441 k,"13,9%",california
2014,6.112 k,"15,8%",california
2013,5.754 k,"15,1%",california
2012,6.015 k,"15,9%",california
2011,6.352 k,"16,9%",california
2010,6.073 k,"16,3%",california
2009,5.638 k,"15,3%",california
2008,5.344 k,"14,6%",california
2007,4.589 k,"12,7%",california
2006,4.427 k,"12,2%",california
2005,4.716 k,"13,2%",california
2004,4.724 k,"13,2%",california
2003,4.634 k,"13,1%",california
2002,4.605 k,"13,1%",california
2001,4.321 k,"12,6%",california
2000,4.294 k,"12,7%",california
1999,4.733 k,"14,0%",california
1998,5.118 k,"15,4%",california
1997,5.459 k,"16,6%",california
1996,5.472 k,"16,9%",california
1995,5.342 k,"16,7%",california
1994,5.658 k,"17,9%",california
1993,5.803 k,"18,2%",california
1992,5.197 k,"16,4%",california
1991,4.825 k,"15,7%",california
1990,4.128 k,"13,9%",california
1989,3.772 k,"12,9%",california
1988,3.687 k,"13,2%",california
1987,3.443 k,"12,3%",california
1986,3.453 k,"12,7%",california
1985,3.596 k,"13,6%",california
1984,3.375 k,"13,2%",california
1983,3.755 k,"14,9%",california
1982,3.475 k,"14,1%",california
1981,3.216 k,"13,3%",california
1980,2.619 k,"11,0%",california
2020,1.449 k,"13,7%",carolina del norte
2019,1.324 k,"12,7%",carolina del norte
2018,1.355 k,"13,1%",carolina del norte
2017,1.567 k,"15,2%",carolina del norte
2016,1.363 k,"13,6%",carolina del norte
2015,1.509 k,"15,3%",carolina del norte
2014,1.678 k,"17,1%",carolina del norte
2013,1.419 k,"14,7%",carolina del norte
2012,1.652 k,"17,2%",carolina del norte
2011,1.459 k,"15,4%",carolina del norte
2010,1.633 k,"17,4%",carolina del norte
2009,1.576 k,"16,9%",carolina del norte
2008,1.285 k,"13,9%",carolina del norte
2007,1.423 k,"15,5%",carolina del norte
2006,1.225 k,"13,8%",carolina del norte
2005,1.115 k,"13,1%",carolina del norte
2004,1.229 k,"14,6%",carolina del norte
2003,1.289 k,"15,7%",carolina del norte
2002,1.165 k,"14,3%",carolina del norte
2001,1.013 k,"12,5%",carolina del norte
2000,1.000 k,"12,5%",carolina del norte
1999,1.069 k,"13,8%",carolina del norte
1998,1.039 k,"14,0%",carolina del norte
1997,839 k,"11,4%",carolina del norte
1996,885 k,"12,2%",carolina del norte
1995,877 k,"12,6%",carolina del norte
1994,980 k,"14,2%",carolina del norte
1993,966 k,"14,4%",carolina del norte
1992,1.080 k,"15,8%",carolina del norte
1991,964 k,"14,5%",carolina del norte
1990,829 k,"13,0%",carolina del norte
1989,770 k,"12,2%",carolina del norte
1988,796 k,"12,6%",carolina del norte
1987,853 k,"13,8%",carolina del norte
1986,884 k,"14,3%",carolina del norte
1985,863 k,"14,2%",carolina del norte
1984,860 k,"14,6%",carolina del norte
1983,933 k,"15,8%",carolina del norte
1982,1.201 k,"20,3%",carolina del norte
1981,1.016 k,"17,5%",carolina del norte
1980,877 k,"15,0%",carolina del norte
2020,686 k,"13,3%",carolina del sur
2019,775 k,"15,1%",carolina del sur
2018,642 k,"12,8%",carolina del sur
2017,756 k,"15,2%",carolina del sur
2016,690 k,"14,1%",carolina del sur
2015,683 k,"14,3%",carolina del sur
2014,788 k,"16,5%",carolina del sur
2013,904 k,"19,3%",carolina del sur
2012,779 k,"16,7%",carolina del sur
2011,874 k,"19,0%",carolina del sur
2010,773 k,"16,9%",carolina del sur
2009,618 k,"13,7%",carolina del sur
2008,624 k,"14,0%",carolina del sur
2007,617 k,"14,1%",carolina del sur
2006,474 k,"11,2%",carolina del sur
2005,626 k,"15,0%",carolina del sur
2004,615 k,"14,9%",carolina del sur
2003,516 k,"12,7%",carolina del sur
2002,568 k,"14,3%",carolina del sur
2001,603 k,"15,1%",carolina del sur
2000,441 k,"11,1%",carolina del sur
1999,445 k,"11,7%",carolina del sur
1998,527 k,"13,7%",carolina del sur
1997,500 k,"13,1%",carolina del sur
1996,482 k,"13,0%",carolina del sur
1995,744 k,"19,9%",carolina del sur
1994,501 k,"13,8%",carolina del sur
1993,678 k,"18,7%",carolina del sur
1992,697 k,"19,0%",carolina del sur
1991,582 k,"16,4%",carolina del sur
1990,548 k,"16,2%",carolina del sur
1989,585 k,"17,0%",carolina del sur
1988,528 k,"15,5%",carolina del sur
1987,512 k,"15,6%",carolina del sur
1986,569 k,"17,3%",carolina del sur
1985,489 k,"15,2%",carolina del sur
1984,561 k,"17,2%",carolina del sur
1983,687 k,"20,8%",carolina del sur
1982,701 k,"21,2%",carolina del sur
1981,615 k,"18,4%",carolina del sur
1980,534 k,"16,8%",carolina del sur
2020,548 k,"9,5%",colorado
2019,535 k,"9,3%",colorado
2018,521 k,"9,1%",colorado
2017,489 k,"8,9%",colorado
2016,467 k,"8,5%",colorado
2015,538 k,"9,9%",colorado
2014,661 k,"12,3%",colorado
2013,569 k,"10,7%",colorado
2012,613 k,"11,9%",colorado
2011,661 k,"13,2%",colorado
2010,615 k,"12,3%",colorado
2009,613 k,"12,3%",colorado
2008,541 k,"11,0%",colorado
2007,478 k,"9,8%",colorado
2006,466 k,"9,7%",colorado
2005,530 k,"11,4%",colorado
2004,450 k,"10,0%",colorado
2003,436 k,"9,7%",colorado
2002,436 k,"9,8%",colorado
2001,383 k,"8,7%",colorado
2000,425 k,"9,8%",colorado
1999,366 k,"8,5%",colorado
1998,363 k,"9,2%",colorado
1997,320 k,"8,2%",colorado
1996,412 k,"10,6%",colorado
1995,335 k,"8,8%",colorado
1994,335 k,"9,0%",colorado
1993,354 k,"9,9%",colorado
1992,376 k,"10,8%",colorado
1991,347 k,"10,4%",colorado
1990,461 k,"13,7%",colorado
1989,393 k,"12,1%",colorado
1988,405 k,"12,5%",colorado
1987,398 k,"12,5%",colorado
1986,426 k,"13,5%",colorado
1985,324 k,"10,2%",colorado
1984,274 k,"8,9%",colorado
1983,390 k,"12,6%",colorado
1982,387 k,"12,6%",colorado
1981,285 k,"9,6%",colorado
1980,247 k,"8,6%",colorado
2020,389 k,"11,2%",connecticut
2019,291 k,"8,3%",connecticut
2018,348 k,"10,2%",connecticut
2017,377 k,"10,6%",connecticut
2016,351 k,"9,8%",connecticut
2015,324 k,"9,1%",connecticut
2014,308 k,"8,6%",connecticut
2013,396 k,"10,9%",connecticut
2012,363 k,"10,3%",connecticut
2011,356 k,"10,1%",connecticut
2010,303 k,"8,6%",connecticut
2009,292 k,"8,4%",connecticut
2008,276 k,"8,1%",connecticut
2007,309 k,"8,9%",connecticut
2006,275 k,"8,0%",connecticut
2005,326 k,"9,3%",connecticut
2004,352 k,"10,1%",connecticut
2003,278 k,"8,1%",connecticut
2002,279 k,"8,3%",connecticut
2001,249 k,"7,3%",connecticut
2000,258 k,"7,7%",connecticut
1999,246 k,"7,2%",connecticut
1998,310 k,"9,5%",connecticut
1997,282 k,"8,6%",connecticut
1996,392 k,"11,7%",connecticut
1995,318 k,"9,7%",connecticut
1994,344 k,"10,8%",connecticut
1993,277 k,"8,5%",connecticut
1992,321 k,"9,8%",connecticut
1991,287 k,"8,6%",connecticut
1990,196 k,"6,0%",connecticut
1989,90 k,"2,9%",connecticut
1988,128 k,"4,0%",connecticut
1987,207 k,"6,6%",connecticut
1986,186 k,"6,0%",connecticut
1985,237 k,"7,6%",connecticut
1984,218 k,"6,9%",connecticut
1983,276 k,"8,8%",connecticut
1982,254 k,"8,1%",connecticut
1981,254 k,"8,2%",connecticut
1980,255 k,"8,3%",connecticut
2020,80 k,"10,7%",dakota del norte
2019,61 k,"8,1%",dakota del norte
2018,72 k,"9,7%",dakota del norte
2017,92 k,"12,4%",dakota del norte
2016,83 k,"11,1%",dakota del norte
2015,82 k,"10,7%",dakota del norte
2014,71 k,"9,7%",dakota del norte
2013,94 k,"13,2%",dakota del norte
2012,79 k,"11,4%",dakota del norte
2011,67 k,"9,9%",dakota del norte
2010,82 k,"12,6%",dakota del norte
2009,69 k,"10,9%",dakota del norte
2008,74 k,"11,8%",dakota del norte
2007,57 k,"9,3%",dakota del norte
2006,70 k,"11,4%",dakota del norte
2005,70 k,"11,2%",dakota del norte
2004,61 k,"9,7%",dakota del norte
2003,61 k,"9,7%",dakota del norte
2002,73 k,"11,6%",dakota del norte
2001,86 k,"13,8%",dakota del norte
2000,65 k,"10,4%",dakota del norte
1999,81 k,"13,1%",dakota del norte
1998,97 k,"15,1%",dakota del norte
1997,87 k,"13,6%",dakota del norte
1996,69 k,"11,0%",dakota del norte
1995,76 k,"12,0%",dakota del norte
1994,65 k,"10,4%",dakota del norte
1993,70 k,"11,2%",dakota del norte
1992,74 k,"12,1%",dakota del norte
1991,92 k,"14,5%",dakota del norte
1990,87 k,"13,7%",dakota del norte
1989,79 k,"12,2%",dakota del norte
1988,76 k,"11,6%",dakota del norte
1987,75 k,"11,4%",dakota del norte
1986,88 k,"13,5%",dakota del norte
1985,108 k,"15,9%",dakota del norte
1984,106 k,"15,4%",dakota del norte
1983,103 k,"15,0%",dakota del norte
1982,85 k,"12,9%",dakota del norte
1981,89 k,"14,2%",dakota del norte
1980,99 k,"15,5%",dakota del norte
2020,102 k,"11,6%",dakota del sur
2019,91 k,"10,6%",dakota del sur
2018,90 k,"10,6%",dakota del sur
2017,93 k,"10,7%",dakota del sur
2016,124 k,"14,5%",dakota del sur
2015,118 k,"13,9%",dakota del sur
2014,109 k,"12,8%",dakota del sur
2013,110 k,"13,3%",dakota del sur
2012,106 k,"12,8%",dakota del sur
2011,117 k,"14,5%",dakota del sur
2010,109 k,"13,6%",dakota del sur
2009,113 k,"14,1%",dakota del sur
2008,104 k,"13,1%",dakota del sur
2007,74 k,"9,4%",dakota del sur
2006,82 k,"10,7%",dakota del sur
2005,90 k,"11,8%",dakota del sur
2004,102 k,"13,5%",dakota del sur
2003,95 k,"12,7%",dakota del sur
2002,85 k,"11,5%",dakota del sur
2001,62 k,"8,4%",dakota del sur
2000,79 k,"10,7%",dakota del sur
1999,55 k,"7,7%",dakota del sur
1998,77 k,"10,8%",dakota del sur
1997,117 k,"16,5%",dakota del sur
1996,82 k,"11,8%",dakota del sur
1995,103 k,"14,5%",dakota del sur
1994,107 k,"14,5%",dakota del sur
1993,102 k,"14,2%",dakota del sur
1992,106 k,"15,1%",dakota del sur
1991,96 k,"14,0%",dakota del sur
1990,93 k,"13,3%",dakota del sur
1989,92 k,"13,2%",dakota del sur
1988,101 k,"14,2%",dakota del sur
1987,109 k,"15,2%",dakota del sur
1986,118 k,"17,0%",dakota del sur
1985,119 k,"17,3%",dakota del sur
1984,100 k,"14,5%",dakota del sur
1983,127 k,"18,4%",dakota del sur
1982,114 k,"16,8%",dakota del sur
1981,132 k,"19,5%",dakota del sur
1980,127 k,"18,8%",dakota del sur
2020,103 k,"10,5%",delaware
2019,63 k,"6,5%",delaware
2018,72 k,"7,4%",delaware
2017,85 k,"8,8%",delaware
2016,110 k,"11,6%",delaware
2015,106 k,"11,1%",delaware
2014,103 k,"11,0%",delaware
2013,102 k,"11,2%",delaware
2012,121 k,"13,5%",delaware
2011,123 k,"13,7%",delaware
2010,109 k,"12,2%",delaware
2009,109 k,"12,3%",delaware
2008,82 k,"9,6%",delaware
2007,80 k,"9,3%",delaware
2006,80 k,"9,3%",delaware
2005,78 k,"9,2%",delaware
2004,74 k,"9,0%",delaware
2003,60 k,"7,3%",delaware
2002,73 k,"9,1%",delaware
2001,53 k,"6,7%",delaware
2000,65 k,"8,4%",delaware
1999,80 k,"10,4%",delaware
1998,80 k,"10,3%",delaware
1997,72 k,"9,6%",delaware
1996,63 k,"8,6%",delaware
1995,74 k,"10,3%",delaware
1994,57 k,"8,3%",delaware
1993,73 k,"10,2%",delaware
1992,55 k,"7,8%",delaware
1991,53 k,"7,5%",delaware
1990,48 k,"6,9%",delaware
1989,68 k,"10,0%",delaware
1988,57 k,"8,6%",delaware
1987,42 k,"6,6%",delaware
1986,79 k,"12,4%",delaware
1985,71 k,"11,4%",delaware
1984,63 k,"10,3%",delaware
1983,52 k,"8,6%",delaware
1982,70 k,"11,5%",delaware
1981,72 k,"12,3%",delaware
1980,68 k,"11,8%",delaware
2020,2.861 k,"13,2%",florida
2019,2.455 k,"11,5%",florida
2018,2.883 k,"13,7%",florida
2017,2.809 k,"13,4%",florida
2016,2.659 k,"13,0%",florida
2015,3.253 k,"16,2%",florida
2014,3.282 k,"16,7%",florida
2013,2.882 k,"14,8%",florida
2012,2.926 k,"15,3%",florida
2011,2.822 k,"14,9%",florida
2010,3.006 k,"16,0%",florida
2009,2.676 k,"14,6%",florida
2008,2.370 k,"13,1%",florida
2007,2.250 k,"12,5%",florida
2006,2.068 k,"11,5%",florida
2005,1.975 k,"11,1%",florida
2004,2.028 k,"11,6%",florida
2003,2.148 k,"12,7%",florida
2002,2.058 k,"12,6%",florida
2001,2.077 k,"12,7%",florida
2000,1.754 k,"11,0%",florida
1999,1.937 k,"12,4%",florida
1998,1.923 k,"13,1%",florida
1997,2.056 k,"14,3%",florida
1996,2.037 k,"14,2%",florida
1995,2.321 k,"16,2%",florida
1994,2.128 k,"14,9%",florida
1993,2.507 k,"17,8%",florida
1992,2.139 k,"15,6%",florida
1991,2.069 k,"15,4%",florida
1990,1.896 k,"14,4%",florida
1989,1.590 k,"12,5%",florida
1988,1.704 k,"13,6%",florida
1987,1.523 k,"12,4%",florida
1986,1.342 k,"11,4%",florida
1985,1.551 k,"13,4%",florida
1984,1.693 k,"15,1%",florida
1983,1.595 k,"14,7%",florida
1982,1.601 k,"15,2%",florida
1981,1.704 k,"16,6%",florida
1980,1.692 k,"16,7%",florida
2020,1.396 k,"13,2%",georgia
2019,1.249 k,"12,1%",georgia
2018,1.548 k,"14,8%",georgia
2017,1.339 k,"13,1%",georgia
2016,1.580 k,"15,4%",georgia
2015,1.833 k,"18,1%",georgia
2014,1.676 k,"16,8%",georgia
2013,1.825 k,"18,5%",georgia
2012,1.752 k,"18,1%",georgia
2011,1.783 k,"18,4%",georgia
2010,1.814 k,"18,8%",georgia
2009,1.775 k,"18,4%",georgia
2008,1.477 k,"15,5%",georgia
2007,1.294 k,"13,6%",georgia
2006,1.172 k,"12,6%",georgia
2005,1.298 k,"14,4%",georgia
2004,1.132 k,"13,0%",georgia
2003,1.014 k,"11,9%",georgia
2002,939 k,"11,2%",georgia
2001,1.069 k,"12,9%",georgia
2000,982 k,"12,1%",georgia
1999,1.011 k,"12,8%",georgia
1998,1.034 k,"13,5%",georgia
1997,1.109 k,"14,5%",georgia
1996,1.097 k,"14,8%",georgia
1995,878 k,"12,1%",georgia
1994,1.012 k,"14,0%",georgia
1993,919 k,"13,5%",georgia
1992,1.177 k,"17,7%",georgia
1991,1.077 k,"17,2%",georgia
1990,1.001 k,"15,8%",georgia
1989,929 k,"15,0%",georgia
1988,875 k,"14,0%",georgia
1987,883 k,"14,6%",georgia
1986,879 k,"14,6%",georgia
1985,1.037 k,"17,7%",georgia
1984,981 k,"16,9%",georgia
1983,1.050 k,"18,8%",georgia
1982,1.074 k,"19,6%",georgia
1981,881 k,"16,3%",georgia
1980,727 k,"13,9%",georgia
2020,150 k,"10,9%",hawai
2019,115 k,"8,4%",hawai
2018,128 k,"9,2%",hawai
2017,149 k,"10,6%",hawai
2016,129 k,"9,3%",hawai
2015,151 k,"10,9%",hawai
2014,147 k,"10,8%",hawai
2013,142 k,"10,6%",hawai
2012,188 k,"13,8%",hawai
2011,162 k,"12,1%",hawai
2010,162 k,"12,4%",hawai
2009,156 k,"12,5%",hawai
2008,125 k,"9,9%",hawai
2007,94 k,"7,5%",hawai
2006,116 k,"9,2%",hawai
2005,110 k,"8,6%",hawai
2004,106 k,"8,6%",hawai
2003,117 k,"9,3%",hawai
2002,138 k,"11,3%",hawai
2001,138 k,"11,4%",hawai
2000,106 k,"8,9%",hawai
1999,133 k,"10,8%",hawai
1998,131 k,"10,9%",hawai
1997,164 k,"13,9%",hawai
1996,142 k,"12,1%",hawai
1995,122 k,"10,3%",hawai
1994,97 k,"8,7%",hawai
1993,91 k,"8,0%",hawai
1992,133 k,"11,2%",hawai
1991,90 k,"7,7%",hawai
1990,121 k,"11,0%",hawai
1989,122 k,"11,3%",hawai
1988,117 k,"11,1%",hawai
1987,95 k,"8,8%",hawai
1986,109 k,"10,7%",hawai
1985,109 k,"10,7%",hawai
1984,92 k,"9,3%",hawai
1983,129 k,"12,9%",hawai
1982,132 k,"13,2%",hawai
1981,108 k,"11,3%",hawai
1980,81 k,"8,5%",hawai
2020,168 k,"9,2%",idaho
2019,127 k,"7,1%",idaho
2018,202 k,"11,5%",idaho
2017,199 k,"11,5%",idaho
2016,187 k,"11,1%",idaho
2015,204 k,"12,3%",idaho
2014,199 k,"12,4%",idaho
2013,200 k,"12,4%",idaho
2012,229 k,"14,4%",idaho
2011,248 k,"15,7%",idaho
2010,213 k,"13,8%",idaho
2009,209 k,"13,7%",idaho
2008,185 k,"12,2%",idaho
2007,149 k,"9,9%",idaho
2006,141 k,"9,5%",idaho
2005,143 k,"9,9%",idaho
2004,136 k,"9,9%",idaho
2003,138 k,"10,2%",idaho
2002,147 k,"11,3%",idaho
2001,151 k,"11,5%",idaho
2000,162 k,"12,5%",idaho
1999,175 k,"14,1%",idaho
1998,165 k,"13,0%",idaho
1997,183 k,"14,7%",idaho
1996,140 k,"11,9%",idaho
1995,167 k,"14,5%",idaho
1994,137 k,"12,0%",idaho
1993,150 k,"13,1%",idaho
1992,166 k,"15,2%",idaho
1991,144 k,"13,9%",idaho
1990,157 k,"14,9%",idaho
1989,126 k,"12,4%",idaho
1988,124 k,"12,5%",idaho
1987,150 k,"15,1%",idaho
1986,180 k,"18,5%",idaho
1985,159 k,"16,0%",idaho
1984,171 k,"17,3%",idaho
1983,174 k,"17,7%",idaho
1982,151 k,"15,6%",idaho
1981,171 k,"17,7%",idaho
1980,138 k,"14,7%",idaho
2020,997 k,"8,0%",illinois
2019,1.160 k,"9,3%",illinois
2018,1.292 k,"10,3%",illinois
2017,1.454 k,"11,5%",illinois
2016,1.517 k,"12,1%",illinois
2015,1.380 k,"10,9%",illinois
2014,1.756 k,"13,7%",illinois
2013,1.720 k,"13,6%",illinois
2012,1.608 k,"12,6%",illinois
2011,1.807 k,"14,2%",illinois
2010,1.798 k,"14,1%",illinois
2009,1.690 k,"13,2%",illinois
2008,1.564 k,"12,3%",illinois
2007,1.262 k,"10,0%",illinois
2006,1.338 k,"10,6%",illinois
2005,1.441 k,"11,5%",illinois
2004,1.546 k,"12,3%",illinois
2003,1.592 k,"12,6%",illinois
2002,1.594 k,"12,8%",illinois
2001,1.249 k,"10,1%",illinois
2000,1.307 k,"10,7%",illinois
1999,1.215 k,"9,9%",illinois
1998,1.234 k,"10,1%",illinois
1997,1.349 k,"11,2%",illinois
1996,1.429 k,"12,1%",illinois
1995,1.459 k,"12,4%",illinois
1994,1.464 k,"12,4%",illinois
1993,1.600 k,"13,6%",illinois
1992,1.857 k,"15,6%",illinois
1991,1.598 k,"13,5%",illinois
1990,1.606 k,"13,7%",illinois
1989,1.470 k,"12,7%",illinois
1988,1.436 k,"12,7%",illinois
1987,1.655 k,"14,4%",illinois
1986,1.517 k,"13,3%",illinois
1985,1.830 k,"15,6%",illinois
1984,1.753 k,"15,0%",illinois
1983,1.617 k,"14,3%",illinois
1982,1.512 k,"13,4%",illinois
1981,1.371 k,"12,1%",illinois
1980,1.386 k,"12,3%",illinois
2020,802 k,"12,0%",indiana
2019,677 k,"10,1%",indiana
2018,761 k,"11,6%",indiana
2017,762 k,"11,7%",indiana
2016,768 k,"11,8%",indiana
2015,880 k,"13,5%",indiana
2014,948 k,"14,6%",indiana
2013,1.083 k,"16,5%",indiana
2012,964 k,"15,2%",indiana
2011,989 k,"15,6%",indiana
2010,1.041 k,"16,3%",indiana
2009,1.023 k,"16,1%",indiana
2008,901 k,"14,3%",indiana
2007,740 k,"11,8%",indiana
2006,674 k,"10,6%",indiana
2005,774 k,"12,6%",indiana
2004,712 k,"11,6%",indiana
2003,610 k,"9,9%",indiana
2002,552 k,"9,1%",indiana
2001,511 k,"8,5%",indiana
2000,513 k,"8,5%",indiana
1999,396 k,"6,7%",indiana
1998,547 k,"9,4%",indiana
1997,515 k,"8,8%",indiana
1996,428 k,"7,5%",indiana
1995,545 k,"9,6%",indiana
1994,816 k,"13,7%",indiana
1993,704 k,"12,2%",indiana
1992,661 k,"11,8%",indiana
1991,866 k,"15,7%",indiana
1990,714 k,"13,0%",indiana
1989,749 k,"13,7%",indiana
1988,560 k,"10,1%",indiana
1987,597 k,"11,1%",indiana
1986,674 k,"12,7%",indiana
1985,639 k,"12,0%",indiana
1984,697 k,"12,9%",indiana
1983,865 k,"16,1%",indiana
1982,683 k,"12,6%",indiana
1981,685 k,"12,6%",indiana
1980,645 k,"11,8%",indiana
2020,281 k,"9,0%",iowa
2019,298 k,"9,5%",iowa
2018,277 k,"8,9%",iowa
2017,230 k,"7,5%",iowa
2016,302 k,"9,8%",iowa
2015,321 k,"10,4%",iowa
2014,317 k,"10,3%",iowa
2013,405 k,"13,2%",iowa
2012,310 k,"10,3%",iowa
2011,315 k,"10,4%",iowa
2010,307 k,"10,3%",iowa
2009,319 k,"10,7%",iowa
2008,285 k,"9,5%",iowa
2007,264 k,"8,9%",iowa
2006,301 k,"10,3%",iowa
2005,327 k,"11,3%",iowa
2004,316 k,"10,9%",iowa
2003,260 k,"8,9%",iowa
2002,267 k,"9,2%",iowa
2001,212 k,"7,4%",iowa
2000,237 k,"8,3%",iowa
1999,210 k,"7,4%",iowa
1998,257 k,"9,1%",iowa
1997,270 k,"9,6%",iowa
1996,279 k,"9,6%",iowa
1995,352 k,"12,2%",iowa
1994,302 k,"10,7%",iowa
1993,290 k,"10,3%",iowa
1992,328 k,"11,5%",iowa
1991,271 k,"9,6%",iowa
1990,289 k,"10,4%",iowa
1989,291 k,"10,3%",iowa
1988,263 k,"9,4%",iowa
1987,419 k,"14,5%",iowa
1986,376 k,"12,9%",iowa
1985,505 k,"17,9%",iowa
1984,419 k,"14,6%",iowa
1983,473 k,"16,7%",iowa
1982,371 k,"13,4%",iowa
1981,368 k,"13,1%",iowa
1980,311 k,"10,8%",iowa
2020,260 k,"9,1%",kansas
2019,266 k,"9,5%",kansas
2018,212 k,"7,5%",kansas
2017,411 k,"14,3%",kansas
2016,321 k,"11,2%",kansas
2015,404 k,"14,2%",kansas
2014,345 k,"12,1%",kansas
2013,315 k,"11,4%",kansas
2012,397 k,"14,0%",kansas
2011,402 k,"14,3%",kansas
2010,400 k,"14,5%",kansas
2009,374 k,"13,7%",kansas
2008,346 k,"12,7%",kansas
2007,319 k,"11,7%",kansas
2006,349 k,"12,8%",kansas
2005,337 k,"12,5%",kansas
2004,304 k,"11,4%",kansas
2003,288 k,"10,8%",kansas
2002,269 k,"10,1%",kansas
2001,267 k,"10,1%",kansas
2000,213 k,"8,0%",kansas
1999,320 k,"12,3%",kansas
1998,250 k,"9,6%",kansas
1997,250 k,"9,7%",kansas
1996,287 k,"11,2%",kansas
1995,273 k,"10,8%",kansas
1994,375 k,"14,9%",kansas
1993,327 k,"13,1%",kansas
1992,279 k,"11,1%",kansas
1991,317 k,"12,3%",kansas
1990,259 k,"10,3%",kansas
1989,262 k,"10,8%",kansas
1988,195 k,"8,1%",kansas
1987,225 k,"9,2%",kansas
1986,269 k,"11,1%",kansas
1985,331 k,"13,8%",kansas
1984,260 k,"10,7%",kansas
1983,321 k,"13,6%",kansas
1982,247 k,"10,4%",kansas
1981,267 k,"11,7%",kansas
1980,215 k,"9,4%",kansas
2020,615 k,"13,9%",kentucky
2019,599 k,"13,6%",kentucky
2018,696 k,"15,7%",kentucky
2017,591 k,"13,5%",kentucky
2016,667 k,"15,2%",kentucky
2015,851 k,"19,5%",kentucky
2014,861 k,"20,0%",kentucky
2013,991 k,"22,0%",kentucky
2012,776 k,"17,9%",kentucky
2011,689 k,"16,0%",kentucky
2010,754 k,"17,7%",kentucky
2009,727 k,"17,0%",kentucky
2008,724 k,"17,1%",kentucky
2007,653 k,"15,5%",kentucky
2006,690 k,"16,8%",kentucky
2005,599 k,"14,8%",kentucky
2004,723 k,"17,8%",kentucky
2003,589 k,"14,4%",kentucky
2002,571 k,"14,2%",kentucky
2001,503 k,"12,6%",kentucky
2000,502 k,"12,6%",kentucky
1999,467 k,"12,1%",kentucky
1998,521 k,"13,5%",kentucky
1997,623 k,"15,9%",kentucky
1996,658 k,"17,0%",kentucky
1995,572 k,"14,7%",kentucky
1994,710 k,"18,5%",kentucky
1993,763 k,"20,4%",kentucky
1992,731 k,"19,7%",kentucky
1991,683 k,"18,8%",kentucky
1990,628 k,"17,3%",kentucky
1989,576 k,"16,1%",kentucky
1988,634 k,"17,6%",kentucky
1987,634 k,"17,3%",kentucky
1986,630 k,"17,7%",kentucky
1985,708 k,"19,4%",kentucky
1984,709 k,"19,1%",kentucky
1983,670 k,"17,9%",kentucky
1982,587 k,"16,2%",kentucky
1981,708 k,"19,3%",kentucky
1980,701 k,"19,3%",kentucky
2020,701 k,"15,4%",luisiana
2019,816 k,"17,9%",luisiana
2018,858 k,"19,0%",luisiana
2017,931 k,"20,5%",luisiana
2016,923 k,"20,2%",luisiana
2015,854 k,"18,6%",luisiana
2014,1.049 k,"23,1%",luisiana
2013,963 k,"21,2%",luisiana
2012,944 k,"21,1%",luisiana
2011,947 k,"21,1%",luisiana
2010,949 k,"21,5%",luisiana
2009,636 k,"14,3%",luisiana
2008,788 k,"18,2%",luisiana
2007,673 k,"16,1%",luisiana
2006,713 k,"17,0%",luisiana
2005,748 k,"18,3%",luisiana
2004,744 k,"16,8%",luisiana
2003,750 k,"17,0%",luisiana
2002,777 k,"17,5%",luisiana
2001,709 k,"16,2%",luisiana
2000,750 k,"17,2%",luisiana
1999,823 k,"19,2%",luisiana
1998,821 k,"19,1%",luisiana
1997,691 k,"16,3%",luisiana
1996,873 k,"20,5%",luisiana
1995,849 k,"19,7%",luisiana
1994,1.117 k,"25,7%",luisiana
1993,1.119 k,"26,4%",luisiana
1992,1.043 k,"24,5%",luisiana
1991,795 k,"19,0%",luisiana
1990,952 k,"23,6%",luisiana
1989,950 k,"23,3%",luisiana
1988,968 k,"22,8%",luisiana
1987,1.071 k,"25,1%",luisiana
1986,953 k,"22,0%",luisiana
1985,781 k,"18,1%",luisiana
1984,888 k,"20,6%",luisiana
1983,939 k,"21,5%",luisiana
1982,976 k,"22,7%",luisiana
1981,938 k,"22,0%",luisiana
1980,868 k,"20,3%",luisiana
2020,108 k,"8,0%",maine
2019,140 k,"10,4%",maine
2018,153 k,"11,6%",maine
2017,163 k,"12,4%",maine
2016,167 k,"12,7%",maine
2015,165 k,"12,3%",maine
2014,190 k,"14,6%",maine
2013,151 k,"11,4%",maine
2012,170 k,"12,8%",maine
2011,178 k,"13,4%",maine
2010,164 k,"12,6%",maine
2009,148 k,"11,4%",maine
2008,158 k,"12,0%",maine
2007,142 k,"10,9%",maine
2006,134 k,"10,2%",maine
2005,166 k,"12,6%",maine
2004,149 k,"11,6%",maine
2003,149 k,"11,6%",maine
2002,170 k,"13,4%",maine
2001,132 k,"10,3%",maine
2000,128 k,"10,1%",maine
1999,134 k,"10,6%",maine
1998,131 k,"10,4%",maine
1997,124 k,"10,1%",maine
1996,135 k,"11,2%",maine
1995,138 k,"11,2%",maine
1994,113 k,"9,4%",maine
1993,196 k,"15,4%",maine
1992,167 k,"13,5%",maine
1991,171 k,"14,1%",maine
1990,162 k,"13,1%",maine
1989,128 k,"10,4%",maine
1988,159 k,"13,2%",maine
1987,134 k,"11,7%",maine
1986,115 k,"10,2%",maine
1985,134 k,"11,9%",maine
1984,152 k,"13,0%",maine
1983,144 k,"12,4%",maine
1982,156 k,"13,7%",maine
1981,179 k,"16,0%",maine
1980,158 k,"14,6%",maine
2020,550 k,"9,2%",maryland
2019,424 k,"7,0%",maryland
2018,480 k,"8,0%",maryland
2017,451 k,"7,6%",maryland
2016,424 k,"7,1%",maryland
2015,566 k,"9,6%",maryland
2014,584 k,"9,8%",maryland
2013,623 k,"10,5%",maryland
2012,585 k,"9,9%",maryland
2011,537 k,"9,3%",maryland
2010,628 k,"10,9%",maryland
2009,543 k,"9,6%",maryland
2008,481 k,"8,7%",maryland
2007,491 k,"8,8%",maryland
2006,469 k,"8,4%",maryland
2005,542 k,"9,7%",maryland
2004,550 k,"9,9%",maryland
2003,472 k,"8,6%",maryland
2002,400 k,"7,4%",maryland
2001,385 k,"7,2%",maryland
2000,386 k,"7,4%",maryland
1999,367 k,"7,3%",maryland
1998,359 k,"7,2%",maryland
1997,422 k,"8,4%",maryland
1996,522 k,"10,3%",maryland
1995,520 k,"10,1%",maryland
1994,541 k,"10,7%",maryland
1993,479 k,"9,7%",maryland
1992,583 k,"11,8%",maryland
1991,432 k,"9,1%",maryland
1990,468 k,"9,9%",maryland
1989,411 k,"9,0%",maryland
1988,457 k,"9,8%",maryland
1987,420 k,"9,2%",maryland
1986,414 k,"9,2%",maryland
1985,364 k,"8,7%",maryland
1984,358 k,"8,7%",maryland
1983,358 k,"8,7%",maryland
1982,516 k,"12,3%",maryland
1981,442 k,"10,7%",maryland
1980,389 k,"9,5%",maryland
2020,571 k,"8,4%",massachusetts
2019,521 k,"7,5%",massachusetts
2018,601 k,"8,7%",massachusetts
2017,763 k,"11,2%",massachusetts
2016,649 k,"9,6%",massachusetts
2015,782 k,"11,5%",massachusetts
2014,902 k,"13,6%",massachusetts
2013,818 k,"12,1%",massachusetts
2012,743 k,"11,3%",massachusetts
2011,688 k,"10,6%",massachusetts
2010,711 k,"10,9%",massachusetts
2009,717 k,"10,8%",massachusetts
2008,727 k,"11,3%",massachusetts
2007,707 k,"11,2%",massachusetts
2006,758 k,"12,0%",massachusetts
2005,641 k,"10,1%",massachusetts
2004,594 k,"9,3%",massachusetts
2003,652 k,"10,3%",massachusetts
2002,648 k,"10,0%",massachusetts
2001,561 k,"8,9%",massachusetts
2000,618 k,"9,8%",massachusetts
1999,738 k,"11,8%",massachusetts
1998,528 k,"8,7%",massachusetts
1997,732 k,"12,2%",massachusetts
1996,622 k,"10,1%",massachusetts
1995,665 k,"11,0%",massachusetts
1994,585 k,"9,7%",massachusetts
1993,641 k,"10,7%",massachusetts
1992,600 k,"10,3%",massachusetts
1991,637 k,"11,0%",massachusetts
1990,626 k,"10,7%",massachusetts
1989,513 k,"8,8%",massachusetts
1988,497 k,"8,5%",massachusetts
1987,477 k,"8,2%",massachusetts
1986,538 k,"9,2%",massachusetts
1985,544 k,"9,2%",massachusetts
1984,519 k,"8,9%",massachusetts
1983,443 k,"7,7%",massachusetts
1982,590 k,"10,3%",massachusetts
1981,518 k,"8,9%",massachusetts
1980,542 k,"9,5%",massachusetts
2020,1.088 k,"11,1%",michigan
2019,1.007 k,"10,2%",michigan
2018,1.036 k,"10,5%",michigan
2017,1.135 k,"11,5%",michigan
2016,1.091 k,"11,1%",michigan
2015,1.259 k,"12,8%",michigan
2014,1.462 k,"14,8%",michigan
2013,1.277 k,"12,7%",michigan
2012,1.331 k,"13,7%",michigan
2011,1.449 k,"15,0%",michigan
2010,1.530 k,"15,7%",michigan
2009,1.376 k,"14,0%",michigan
2008,1.273 k,"13,0%",michigan
2007,1.076 k,"10,8%",michigan
2006,1.323 k,"13,3%",michigan
2005,1.196 k,"12,0%",michigan
2004,1.318 k,"13,3%",michigan
2003,1.125 k,"11,4%",michigan
2002,1.152 k,"11,6%",michigan
2001,927 k,"9,4%",michigan
2000,967 k,"9,9%",michigan
1999,978 k,"9,7%",michigan
1998,1.097 k,"11,0%",michigan
1997,1.006 k,"10,3%",michigan
1996,1.068 k,"11,2%",michigan
1995,1.174 k,"12,2%",michigan
1994,1.347 k,"14,1%",michigan
1993,1.475 k,"15,4%",michigan
1992,1.271 k,"13,6%",michigan
1991,1.308 k,"14,1%",michigan
1990,1.315 k,"14,3%",michigan
1989,1.228 k,"13,2%",michigan
1988,1.112 k,"12,1%",michigan
1987,1.095 k,"12,2%",michigan
1986,1.267 k,"13,9%",michigan
1985,1.308 k,"14,5%",michigan
1984,1.495 k,"16,7%",michigan
1983,1.518 k,"16,8%",michigan
1982,1.481 k,"16,2%",michigan
1981,1.184 k,"13,0%",michigan
1980,1.194 k,"12,9%",michigan
2020,468 k,"8,4%",minnesota
2019,322 k,"5,7%",minnesota
2018,456 k,"7,9%",minnesota
2017,479 k,"8,5%",minnesota
2016,470 k,"8,7%",minnesota
2015,428 k,"7,8%",minnesota
2014,447 k,"8,3%",minnesota
2013,589 k,"11,0%",minnesota
2012,534 k,"10,0%",minnesota
2011,528 k,"10,0%",minnesota
2010,563 k,"10,8%",minnesota
2009,576 k,"11,1%",minnesota
2008,506 k,"9,9%",minnesota
2007,482 k,"9,3%",minnesota
2006,422 k,"8,2%",minnesota
2005,412 k,"8,1%",minnesota
2004,356 k,"7,0%",minnesota
2003,376 k,"7,4%",minnesota
2002,325 k,"6,5%",minnesota
2001,361 k,"7,4%",minnesota
2000,276 k,"5,7%",minnesota
1999,354 k,"7,3%",minnesota
1998,498 k,"10,3%",minnesota
1997,457 k,"9,6%",minnesota
1996,458 k,"9,8%",minnesota
1995,427 k,"9,2%",minnesota
1994,523 k,"11,7%",minnesota
1993,506 k,"11,6%",minnesota
1992,561 k,"13,0%",minnesota
1991,564 k,"12,9%",minnesota
1990,524 k,"12,0%",minnesota
1989,478 k,"11,2%",minnesota
1988,514 k,"11,6%",minnesota
1987,484 k,"11,3%",minnesota
1986,517 k,"12,5%",minnesota
1985,523 k,"12,6%",minnesota
1984,381 k,"9,1%",minnesota
1983,502 k,"12,1%",minnesota
1982,546 k,"13,3%",minnesota
1981,438 k,"10,9%",minnesota
1980,342 k,"8,7%",minnesota
2020,514 k,"17,5%",misisipi
2019,560 k,"19,2%",misisipi
2018,567 k,"19,6%",misisipi
2017,544 k,"18,5%",misisipi
2016,622 k,"21,1%",misisipi
2015,563 k,"19,1%",misisipi
2014,654 k,"22,1%",misisipi
2013,554 k,"19,1%",misisipi
2012,636 k,"22,0%",misisipi
2011,510 k,"17,4%",misisipi
2010,658 k,"22,5%",misisipi
2009,658 k,"23,1%",misisipi
2008,525 k,"18,1%",misisipi
2007,655 k,"22,6%",misisipi
2006,596 k,"20,6%",misisipi
2005,571 k,"20,1%",misisipi
2004,536 k,"18,7%",misisipi
2003,456 k,"16,0%",misisipi
2002,513 k,"18,4%",misisipi
2001,539 k,"19,3%",misisipi
2000,418 k,"14,9%",misisipi
1999,446 k,"16,2%",misisipi
1998,486 k,"17,6%",misisipi
1997,455 k,"16,7%",misisipi
1996,575 k,"20,6%",misisipi
1995,630 k,"23,5%",misisipi
1994,515 k,"19,9%",misisipi
1993,639 k,"24,7%",misisipi
1992,671 k,"24,6%",misisipi
1991,635 k,"23,7%",misisipi
1990,684 k,"25,7%",misisipi
1989,566 k,"22,0%",misisipi
1988,704 k,"27,2%",misisipi
1987,637 k,"25,0%",misisipi
1986,695 k,"26,6%",misisipi
1985,644 k,"25,1%",misisipi
1984,628 k,"25,1%",misisipi
1983,669 k,"27,0%",misisipi
1982,562 k,"22,9%",misisipi
1981,618 k,"25,7%",misisipi
1980,591 k,"24,3%",misisipi
2020,641 k,"10,6%",misuri
2019,568 k,"9,4%",misuri
2018,745 k,"12,4%",misuri
2017,683 k,"11,4%",misuri
2016,762 k,"13,0%",misuri
2015,582 k,"9,8%",misuri
2014,620 k,"10,4%",misuri
2013,1.041 k,"17,5%",misuri
2012,905 k,"15,2%",misuri
2011,910 k,"15,4%",misuri
2010,890 k,"15,0%",misuri
2009,926 k,"15,5%",misuri
2008,780 k,"13,3%",misuri
2007,742 k,"12,8%",misuri
2006,659 k,"11,4%",misuri
2005,659 k,"11,6%",misuri
2004,686 k,"12,2%",misuri
2003,602 k,"10,7%",misuri
2002,551 k,"9,9%",misuri
2001,537 k,"9,7%",misuri
2000,505 k,"9,2%",misuri
1999,647 k,"11,7%",misuri
1998,531 k,"9,8%",misuri
1997,627 k,"11,8%",misuri
1996,500 k,"9,5%",misuri
1995,484 k,"9,4%",misuri
1994,797 k,"15,6%",misuri
1993,832 k,"16,1%",misuri
1992,795 k,"15,7%",misuri
1991,740 k,"14,8%",misuri
1990,700 k,"13,4%",misuri
1989,654 k,"12,6%",misuri
1988,662 k,"12,7%",misuri
1987,716 k,"14,0%",misuri
1986,722 k,"14,4%",misuri
1985,689 k,"13,7%",misuri
1984,720 k,"14,5%",misuri
1983,807 k,"16,7%",misuri
1982,699 k,"14,6%",misuri
1981,634 k,"13,2%",misuri
1980,625 k,"13,0%",misuri
2020,118 k,"11,0%",montana
2019,102 k,"9,7%",montana
2018,107 k,"10,3%",montana
2017,107 k,"10,3%",montana
2016,121 k,"11,7%",montana
2015,121 k,"11,9%",montana
2014,121 k,"12,0%",montana
2013,103 k,"10,5%",montana
2012,134 k,"13,4%",montana
2011,163 k,"16,5%",montana
2010,142 k,"14,5%",montana
2009,131 k,"13,5%",montana
2008,125 k,"12,9%",montana
2007,122 k,"13,0%",montana
2006,125 k,"13,5%",montana
2005,128 k,"13,8%",montana
2004,129 k,"14,2%",montana
2003,139 k,"15,1%",montana
2002,122 k,"13,5%",montana
2001,119 k,"13,3%",montana
2000,126 k,"14,1%",montana
1999,141 k,"15,8%",montana
1998,153 k,"16,6%",montana
1997,139 k,"15,6%",montana
1996,155 k,"17,0%",montana
1995,133 k,"15,3%",montana
1994,97 k,"11,5%",montana
1993,127 k,"14,9%",montana
1992,118 k,"13,8%",montana
1991,127 k,"15,4%",montana
1990,134 k,"16,3%",montana
1989,127 k,"15,6%",montana
1988,116 k,"14,6%",montana
1987,144 k,"18,0%",montana
1986,136 k,"16,5%",montana
1985,134 k,"16,0%",montana
1984,115 k,"13,8%",montana
1983,125 k,"15,4%",montana
1982,134 k,"17,0%",montana
1981,107 k,"13,1%",montana
1980,102 k,"13,2%",montana
2020,160 k,"8,3%",nebraska
2019,165 k,"8,7%",nebraska
2018,199 k,"10,5%",nebraska
2017,216 k,"11,5%",nebraska
2016,179 k,"9,6%",nebraska
2015,192 k,"10,3%",nebraska
2014,221 k,"11,8%",nebraska
2013,196 k,"10,5%",nebraska
2012,226 k,"12,2%",nebraska
2011,187 k,"10,2%",nebraska
2010,184 k,"10,2%",nebraska
2009,176 k,"9,9%",nebraska
2008,188 k,"10,6%",nebraska
2007,174 k,"9,9%",nebraska
2006,180 k,"10,2%",nebraska
2005,167 k,"9,5%",nebraska
2004,163 k,"9,5%",nebraska
2003,168 k,"9,8%",nebraska
2002,181 k,"10,6%",nebraska
2001,158 k,"9,4%",nebraska
2000,145 k,"8,6%",nebraska
1999,184 k,"11,0%",nebraska
1998,211 k,"12,3%",nebraska
1997,163 k,"9,8%",nebraska
1996,169 k,"10,2%",nebraska
1995,159 k,"9,6%",nebraska
1994,146 k,"8,8%",nebraska
1993,169 k,"10,3%",nebraska
1992,169 k,"10,6%",nebraska
1991,157 k,"9,5%",nebraska
1990,167 k,"10,3%",nebraska
1989,204 k,"12,8%",nebraska
1988,164 k,"10,3%",nebraska
1987,191 k,"11,9%",nebraska
1986,220 k,"13,6%",nebraska
1985,235 k,"14,8%",nebraska
1984,213 k,"13,3%",nebraska
1983,240 k,"15,2%",nebraska
1982,216 k,"13,6%",nebraska
1981,221 k,"14,0%",nebraska
1980,199 k,"13,0%",nebraska
2020,407 k,"12,9%",nevada
2019,323 k,"10,4%",nevada
2018,390 k,"13,0%",nevada
2017,392 k,"13,2%",nevada
2016,298 k,"10,1%",nevada
2015,371 k,"13,0%",nevada
2014,478 k,"17,0%",nevada
2013,401 k,"14,5%",nevada
2012,433 k,"15,8%",nevada
2011,414 k,"15,5%",nevada
2010,446 k,"16,6%",nevada
2009,343 k,"13,0%",nevada
2008,278 k,"10,8%",nevada
2007,250 k,"9,7%",nevada
2006,241 k,"9,5%",nevada
2005,260 k,"10,6%",nevada
2004,260 k,"10,9%",nevada
2003,244 k,"10,9%",nevada
2002,188 k,"8,9%",nevada
2001,152 k,"7,1%",nevada
2000,180 k,"8,8%",nevada
1999,229 k,"11,3%",nevada
1998,195 k,"10,6%",nevada
1997,190 k,"11,0%",nevada
1996,133 k,"8,1%",nevada
1995,173 k,"11,1%",nevada
1994,168 k,"11,1%",nevada
1993,141 k,"9,8%",nevada
1992,199 k,"14,7%",nevada
1991,141 k,"11,4%",nevada
1990,119 k,"9,8%",nevada
1989,121 k,"10,8%",nevada
1988,93 k,"8,6%",nevada
1987,107 k,"10,4%",nevada
1986,82 k,"8,1%",nevada
1985,139 k,"14,4%",nevada
1984,101 k,"10,5%",nevada
1983,86 k,"9,7%",nevada
1982,70 k,"7,8%",nevada
1981,93 k,"10,5%",nevada
1980,70 k,"8,3%",nevada
2020,712 k,"8,2%",nueva jersey
2019,554 k,"6,3%",nueva jersey
2018,725 k,"8,2%",nueva jersey
2017,894 k,"9,9%",nueva jersey
2016,828 k,"9,4%",nueva jersey
2015,1.004 k,"11,2%",nueva jersey
2014,1.013 k,"11,3%",nueva jersey
2013,861 k,"9,9%",nueva jersey
2012,814 k,"9,3%",nueva jersey
2011,988 k,"11,4%",nueva jersey
2010,966 k,"11,1%",nueva jersey
2009,806 k,"9,3%",nueva jersey
2008,787 k,"9,2%",nueva jersey
2007,742 k,"8,7%",nueva jersey
2006,762 k,"8,8%",nueva jersey
2005,592 k,"6,8%",nueva jersey
2004,693 k,"8,0%",nueva jersey
2003,741 k,"8,6%",nueva jersey
2002,681 k,"7,9%",nueva jersey
2001,683 k,"8,1%",nueva jersey
2000,612 k,"7,3%",nueva jersey
1999,646 k,"7,8%",nueva jersey
1998,693 k,"8,6%",nueva jersey
1997,737 k,"9,3%",nueva jersey
1996,726 k,"9,2%",nueva jersey
1995,617 k,"7,8%",nueva jersey
1994,730 k,"9,2%",nueva jersey
1993,866 k,"10,9%",nueva jersey
1992,803 k,"10,3%",nueva jersey
1991,754 k,"9,7%",nueva jersey
1990,711 k,"9,2%",nueva jersey
1989,622 k,"8,2%",nueva jersey
1988,475 k,"6,2%",nueva jersey
1987,626 k,"8,3%",nueva jersey
1986,679 k,"8,9%",nueva jersey
1985,631 k,"8,3%",nueva jersey
1984,758 k,"10,1%",nueva jersey
1983,828 k,"11,1%",nueva jersey
1982,896 k,"12,2%",nueva jersey
1981,736 k,"10,0%",nueva jersey
1980,659 k,"9,0%",nueva jersey
2020,2.221 k,"11,8%",nueva york
2019,2.382 k,"12,5%",nueva york
2018,2.145 k,"11,1%",nueva york
2017,2.510 k,"12,7%",nueva york
2016,2.314 k,"11,9%",nueva york
2015,2.791 k,"14,2%",nueva york
2014,2.755 k,"14,0%",nueva york
2013,3.337 k,"17,3%",nueva york
2012,3.328 k,"17,2%",nueva york
2011,3.085 k,"16,0%",nueva york
2010,3.062 k,"16,0%",nueva york
2009,3.018 k,"15,8%",nueva york
2008,2.734 k,"14,2%",nueva york
2007,2.757 k,"14,5%",nueva york
2006,2.668 k,"14,0%",nueva york
2005,2.760 k,"14,5%",nueva york
2004,2.847 k,"15,0%",nueva york
2003,2.707 k,"14,3%",nueva york
2002,2.690 k,"14,0%",nueva york
2001,2.664 k,"14,2%",nueva york
2000,2.604 k,"13,9%",nueva york
1999,2.676 k,"14,2%",nueva york
1998,3.068 k,"16,7%",nueva york
1997,2.979 k,"16,5%",nueva york
1996,3.058 k,"16,7%",nueva york
1995,3.020 k,"16,5%",nueva york
1994,3.097 k,"17,0%",nueva york
1993,2.981 k,"16,4%",nueva york
1992,2.820 k,"15,7%",nueva york
1991,2.736 k,"15,3%",nueva york
1990,2.571 k,"14,3%",nueva york
1989,2.254 k,"12,6%",nueva york
1988,2.369 k,"13,4%",nueva york
1987,2.506 k,"14,3%",nueva york
1986,2.322 k,"13,2%",nueva york
1985,2.796 k,"15,8%",nueva york
1984,2.806 k,"16,0%",nueva york
1983,2.817 k,"16,0%",nueva york
1982,2.607 k,"14,8%",nueva york
1981,2.516 k,"14,4%",nueva york
1980,2.391 k,"13,8%",nueva york
2020,85 k,"6,2%",nuevo hampshire
2019,49 k,"3,7%",nuevo hampshire
2018,82 k,"6,1%",nuevo hampshire
2017,95 k,"7,2%",nuevo hampshire
2016,84 k,"6,4%",nuevo hampshire
2015,94 k,"7,3%",nuevo hampshire
2014,95 k,"7,2%",nuevo hampshire
2013,71 k,"5,5%",nuevo hampshire
2012,106 k,"8,1%",nuevo hampshire
2011,99 k,"7,6%",nuevo hampshire
2010,84 k,"6,5%",nuevo hampshire
2009,103 k,"7,8%",nuevo hampshire
2008,91 k,"7,0%",nuevo hampshire
2007,76 k,"5,8%",nuevo hampshire
2006,71 k,"5,4%",nuevo hampshire
2005,73 k,"5,6%",nuevo hampshire
2004,71 k,"5,5%",nuevo hampshire
2003,73 k,"5,8%",nuevo hampshire
2002,73 k,"5,8%",nuevo hampshire
2001,81 k,"6,5%",nuevo hampshire
2000,56 k,"4,5%",nuevo hampshire
1999,96 k,"7,6%",nuevo hampshire
1998,119 k,"9,8%",nuevo hampshire
1997,109 k,"9,1%",nuevo hampshire
1996,73 k,"6,4%",nuevo hampshire
1995,60 k,"5,3%",nuevo hampshire
1994,87 k,"7,7%",nuevo hampshire
1993,112 k,"9,9%",nuevo hampshire
1992,97 k,"8,7%",nuevo hampshire
1991,81 k,"7,3%",nuevo hampshire
1990,68 k,"6,3%",nuevo hampshire
1989,84 k,"7,7%",nuevo hampshire
1988,73 k,"6,7%",nuevo hampshire
1987,51 k,"4,8%",nuevo hampshire
1986,37 k,"3,7%",nuevo hampshire
1985,59 k,"6,0%",nuevo hampshire
1984,68 k,"7,1%",nuevo hampshire
1983,76 k,"8,1%",nuevo hampshire
1982,97 k,"10,3%",nuevo hampshire
1981,70 k,"7,6%",nuevo hampshire
1980,63 k,"7,0%",nuevo hampshire
2020,340 k,"16,5%",nuevo mexico
2019,315 k,"15,3%",nuevo mexico
2018,342 k,"16,6%",nuevo mexico
2017,402 k,"19,7%",nuevo mexico
2016,364 k,"17,8%",nuevo mexico
2015,400 k,"19,7%",nuevo mexico
2014,406 k,"20,0%",nuevo mexico
2013,535 k,"25,8%",nuevo mexico
2012,420 k,"20,4%",nuevo mexico
2011,451 k,"22,2%",nuevo mexico
2010,372 k,"18,3%",nuevo mexico
2009,381 k,"19,3%",nuevo mexico
2008,381 k,"19,3%",nuevo mexico
2007,271 k,"14,0%",nuevo mexico
2006,328 k,"16,9%",nuevo mexico
2005,347 k,"17,9%",nuevo mexico
2004,314 k,"16,5%",nuevo mexico
2003,338 k,"18,1%",nuevo mexico
2002,328 k,"17,9%",nuevo mexico
2001,323 k,"18,0%",nuevo mexico
2000,312 k,"17,5%",nuevo mexico
1999,383 k,"20,9%",nuevo mexico
1998,371 k,"20,4%",nuevo mexico
1997,387 k,"21,2%",nuevo mexico
1996,472 k,"25,5%",nuevo mexico
1995,457 k,"25,3%",nuevo mexico
1994,356 k,"21,1%",nuevo mexico
1993,282 k,"17,4%",nuevo mexico
1992,348 k,"21,6%",nuevo mexico
1991,349 k,"22,4%",nuevo mexico
1990,319 k,"20,9%",nuevo mexico
1989,297 k,"19,5%",nuevo mexico
1988,343 k,"23,0%",nuevo mexico
1987,280 k,"19,4%",nuevo mexico
1986,306 k,"21,3%",nuevo mexico
1985,267 k,"18,5%",nuevo mexico
1984,280 k,"19,5%",nuevo mexico
1983,340 k,"24,5%",nuevo mexico
1982,303 k,"22,4%",nuevo mexico
1981,243 k,"18,6%",nuevo mexico
1980,268 k,"20,6%",nuevo mexico
2020,1.473 k,"12,7%",ohio
2019,1.424 k,"12,4%",ohio
2018,1.365 k,"11,9%",ohio
2017,1.479 k,"12,9%",ohio
2016,1.573 k,"13,7%",ohio
2015,1.550 k,"13,6%",ohio
2014,1.792 k,"15,6%",ohio
2013,1.684 k,"14,9%",ohio
2012,1.751 k,"15,4%",ohio
2011,1.708 k,"15,1%",ohio
2010,1.746 k,"15,4%",ohio
2009,1.526 k,"13,3%",ohio
2008,1.557 k,"13,7%",ohio
2007,1.446 k,"12,8%",ohio
2006,1.371 k,"12,1%",ohio
2005,1.392 k,"12,3%",ohio
2004,1.304 k,"11,6%",ohio
2003,1.226 k,"10,9%",ohio
2002,1.099 k,"9,8%",ohio
2001,1.174 k,"10,5%",ohio
2000,1.117 k,"10,0%",ohio
1999,1.343 k,"12,0%",ohio
1998,1.253 k,"11,2%",ohio
1997,1.231 k,"11,0%",ohio
1996,1.424 k,"12,7%",ohio
1995,1.285 k,"11,5%",ohio
1994,1.571 k,"14,1%",ohio
1993,1.461 k,"13,0%",ohio
1992,1.398 k,"12,5%",ohio
1991,1.488 k,"13,4%",ohio
1990,1.256 k,"11,5%",ohio
1989,1.143 k,"10,6%",ohio
1988,1.356 k,"12,4%",ohio
1987,1.375 k,"12,7%",ohio
1986,1.372 k,"12,8%",ohio
1985,1.359 k,"12,8%",ohio
1984,1.429 k,"13,5%",ohio
1983,1.434 k,"13,4%",ohio
1982,1.366 k,"12,8%",ohio
1981,1.369 k,"12,7%",ohio
1980,1.046 k,"9,8%",ohio
2020,604 k,"15,5%",oklahoma
2019,422 k,"10,8%",oklahoma
2018,518 k,"13,4%",oklahoma
2017,490 k,"12,8%",oklahoma
2016,571 k,"14,6%",oklahoma
2015,551 k,"14,2%",oklahoma
2014,647 k,"17,3%",oklahoma
2013,785 k,"21,2%",oklahoma
2012,668 k,"18,0%",oklahoma
2011,522 k,"13,9%",oklahoma
2010,603 k,"16,3%",oklahoma
2009,468 k,"12,9%",oklahoma
2008,484 k,"13,6%",oklahoma
2007,476 k,"13,4%",oklahoma
2006,531 k,"15,2%",oklahoma
2005,543 k,"15,6%",oklahoma
2004,373 k,"10,8%",oklahoma
2003,440 k,"12,8%",oklahoma
2002,489 k,"14,1%",oklahoma
2001,508 k,"15,1%",oklahoma
2000,503 k,"14,9%",oklahoma
1999,424 k,"12,8%",oklahoma
1998,458 k,"14,1%",oklahoma
1997,456 k,"13,7%",oklahoma
1996,556 k,"16,6%",oklahoma
1995,548 k,"17,1%",oklahoma
1994,540 k,"16,7%",oklahoma
1993,662 k,"19,9%",oklahoma
1992,607 k,"18,6%",oklahoma
1991,541 k,"17,0%",oklahoma
1990,481 k,"15,6%",oklahoma
1989,460 k,"14,7%",oklahoma
1988,543 k,"17,3%",oklahoma
1987,547 k,"17,0%",oklahoma
1986,469 k,"14,7%",oklahoma
1985,526 k,"16,0%",oklahoma
1984,426 k,"13,3%",oklahoma
1983,553 k,"17,0%",oklahoma
1982,478 k,"15,4%",oklahoma
1981,413 k,"13,8%",oklahoma
1980,406 k,"13,9%",oklahoma
2020,389 k,"9,4%",oregon
2019,336 k,"8,1%",oregon
2018,404 k,"9,7%",oregon
2017,482 k,"11,5%",oregon
2016,486 k,"11,8%",oregon
2015,478 k,"11,9%",oregon
2014,570 k,"14,4%",oregon
2013,556 k,"14,0%",oregon
2012,523 k,"13,5%",oregon
2011,553 k,"14,4%",oregon
2010,537 k,"14,3%",oregon
2009,510 k,"13,4%",oregon
2008,403 k,"10,6%",oregon
2007,481 k,"12,8%",oregon
2006,439 k,"11,8%",oregon
2005,436 k,"12,0%",oregon
2004,421 k,"11,8%",oregon
2003,446 k,"12,5%",oregon
2002,380 k,"10,9%",oregon
2001,408 k,"11,8%",oregon
2000,371 k,"10,9%",oregon
1999,432 k,"12,6%",oregon
1998,503 k,"15,0%",oregon
1997,382 k,"11,6%",oregon
1996,382 k,"11,8%",oregon
1995,360 k,"11,2%",oregon
1994,373 k,"11,8%",oregon
1993,363 k,"11,8%",oregon
1992,346 k,"11,4%",oregon
1991,401 k,"13,5%",oregon
1990,267 k,"9,2%",oregon
1989,327 k,"11,2%",oregon
1988,285 k,"10,4%",oregon
1987,384 k,"14,2%",oregon
1986,332 k,"12,3%",oregon
1985,317 k,"11,9%",oregon
1984,331 k,"12,8%",oregon
1983,419 k,"16,1%",oregon
1982,354 k,"13,9%",oregon
1981,331 k,"12,3%",oregon
1980,309 k,"11,5%",oregon
2020,1.327 k,"10,6%",pensilvania
2019,1.092 k,"8,7%",pensilvania
2018,1.476 k,"11,8%",pensilvania
2017,1.373 k,"10,9%",pensilvania
2016,1.396 k,"11,1%",pensilvania
2015,1.542 k,"12,3%",pensilvania
2014,1.581 k,"12,5%",pensilvania
2013,1.432 k,"11,2%",pensilvania
2012,1.756 k,"13,9%",pensilvania
2011,1.604 k,"12,6%",pensilvania
2010,1.535 k,"12,2%",pensilvania
2009,1.376 k,"11,1%",pensilvania
2008,1.335 k,"11,0%",pensilvania
2007,1.273 k,"10,4%",pensilvania
2006,1.397 k,"11,3%",pensilvania
2005,1.372 k,"11,2%",pensilvania
2004,1.383 k,"11,4%",pensilvania
2003,1.279 k,"10,5%",pensilvania
2002,1.152 k,"9,5%",pensilvania
2001,1.158 k,"9,6%",pensilvania
2000,1.033 k,"8,6%",pensilvania
1999,1.117 k,"9,3%",pensilvania
1998,1.338 k,"11,3%",pensilvania
1997,1.337 k,"11,2%",pensilvania
1996,1.374 k,"11,6%",pensilvania
1995,1.464 k,"12,2%",pensilvania
1994,1.496 k,"12,5%",pensilvania
1993,1.598 k,"13,2%",pensilvania
1992,1.425 k,"11,9%",pensilvania
1991,1.340 k,"11,0%",pensilvania
1990,1.328 k,"11,0%",pensilvania
1989,1.261 k,"10,4%",pensilvania
1988,1.246 k,"10,3%",pensilvania
1987,1.249 k,"10,6%",pensilvania
1986,1.190 k,"10,1%",pensilvania
1985,1.217 k,"10,5%",pensilvania
1984,1.825 k,"15,6%",pensilvania
1983,1.797 k,"15,4%",pensilvania
1982,1.572 k,"13,5%",pensilvania
1981,1.367 k,"11,6%",pensilvania
1980,1.142 k,"9,8%",pensilvania
2020,89 k,"8,5%",rhode island
2019,96 k,"9,2%",rhode island
2018,92 k,"8,9%",rhode island
2017,118 k,"11,3%",rhode island
2016,119 k,"11,4%",rhode island
2015,123 k,"11,8%",rhode island
2014,119 k,"11,3%",rhode island
2013,96 k,"9,3%",rhode island
2012,141 k,"13,6%",rhode island
2011,139 k,"13,4%",rhode island
2010,146 k,"14,0%",rhode island
2009,134 k,"13,0%",rhode island
2008,132 k,"12,7%",rhode island
2007,99 k,"9,5%",rhode island
2006,110 k,"10,5%",rhode island
2005,127 k,"12,1%",rhode island
2004,122 k,"11,5%",rhode island
2003,121 k,"11,5%",rhode island
2002,116 k,"11,0%",rhode island
2001,100 k,"9,6%",rhode island
2000,106 k,"10,2%",rhode island
1999,103 k,"10,0%",rhode island
1998,112 k,"11,6%",rhode island
1997,120 k,"12,7%",rhode island
1996,104 k,"11,0%",rhode island
1995,102 k,"10,6%",rhode island
1994,99 k,"10,3%",rhode island
1993,108 k,"11,2%",rhode island
1992,119 k,"12,4%",rhode island
1991,99 k,"10,4%",rhode island
1990,71 k,"7,5%",rhode island
1989,64 k,"6,7%",rhode island
1988,99 k,"9,8%",rhode island
1987,79 k,"8,1%",rhode island
1986,87 k,"9,1%",rhode island
1985,84 k,"9,0%",rhode island
1984,121 k,"12,8%",rhode island
1983,141 k,"14,5%",rhode island
1982,125 k,"13,3%",rhode island
1981,109 k,"11,7%",rhode island
1980,97 k,"10,7%",rhode island
2020,907 k,"13,2%",tennessee
2019,879 k,"13,1%",tennessee
2018,800 k,"12,0%",tennessee
2017,759 k,"11,3%",tennessee
2016,988 k,"14,9%",tennessee
2015,973 k,"14,7%",tennessee
2014,1.122 k,"17,3%",tennessee
2013,972 k,"15,5%",tennessee
2012,1.194 k,"18,6%",tennessee
2011,1.030 k,"16,3%",tennessee
2010,1.052 k,"16,7%",tennessee
2009,1.031 k,"16,5%",tennessee
2008,924 k,"15,0%",tennessee
2007,906 k,"14,8%",tennessee
2006,879 k,"14,9%",tennessee
2005,872 k,"14,9%",tennessee
2004,932 k,"15,9%",tennessee
2003,829 k,"14,0%",tennessee
2002,839 k,"14,8%",tennessee
2001,802 k,"14,1%",tennessee
2000,759 k,"13,5%",tennessee
1999,662 k,"11,9%",tennessee
1998,749 k,"13,4%",tennessee
1997,791 k,"14,3%",tennessee
1996,878 k,"15,9%",tennessee
1995,846 k,"15,5%",tennessee
1994,779 k,"14,6%",tennessee
1993,998 k,"19,6%",tennessee
1992,858 k,"17,0%",tennessee
1991,744 k,"15,5%",tennessee
1990,833 k,"16,9%",tennessee
1989,891 k,"18,4%",tennessee
1988,883 k,"18,0%",tennessee
1987,792 k,"16,9%",tennessee
1986,853 k,"18,3%",tennessee
1985,837 k,"18,1%",tennessee
1984,800 k,"17,4%",tennessee
1983,933 k,"20,0%",tennessee
1982,1.106 k,"23,6%",tennessee
1981,943 k,"20,9%",tennessee
1980,884 k,"19,6%",tennessee
2020,4.061 k,"14,0%",texas
2019,3.174 k,"11,1%",texas
2018,3.894 k,"13,7%",texas
2017,3.715 k,"13,2%",texas
2016,3.812 k,"13,8%",texas
2015,4.036 k,"14,7%",texas
2014,4.364 k,"16,4%",texas
2013,4.422 k,"16,9%",texas
2012,4.444 k,"17,0%",texas
2011,4.458 k,"17,4%",texas
2010,4.633 k,"18,4%",texas
2009,4.262 k,"17,3%",texas
2008,3.834 k,"15,9%",texas
2007,3.903 k,"16,5%",texas
2006,3.816 k,"16,4%",texas
2005,3.681 k,"16,2%",texas
2004,3.669 k,"16,5%",texas
2003,3.705 k,"17,0%",texas
2002,3.362 k,"15,6%",texas
2001,3.129 k,"14,9%",texas
2000,3.204 k,"15,5%",texas
1999,3.072 k,"15,2%",texas
1998,2.994 k,"15,1%",texas
1997,3.297 k,"16,7%",texas
1996,3.180 k,"16,6%",texas
1995,3.270 k,"17,4%",texas
1994,3.603 k,"19,1%",texas
1993,3.177 k,"17,4%",texas
1992,3.282 k,"18,3%",texas
1991,2.965 k,"17,5%",texas
1990,2.684 k,"15,9%",texas
1989,2.880 k,"17,1%",texas
1988,3.006 k,"18,0%",texas
1987,2.917 k,"17,6%",texas
1986,2.825 k,"17,3%",texas
1985,2.582 k,"15,9%",texas
1984,2.448 k,"15,7%",texas
1983,2.499 k,"16,0%",texas
1982,2.450 k,"16,2%",texas
1981,2.258 k,"15,4%",texas
1980,2.247 k,"15,7%",texas
2020,239 k,"7,4%",utah
2019,236 k,"7,3%",utah
2018,219 k,"6,9%",utah
2017,272 k,"8,7%",utah
2016,264 k,"8,6%",utah
2015,279 k,"9,3%",utah
2014,298 k,"10,2%",utah
2013,357 k,"12,2%",utah
2012,312 k,"11,0%",utah
2011,309 k,"11,0%",utah
2010,278 k,"10,0%",utah
2009,270 k,"9,7%",utah
2008,209 k,"7,6%",utah
2007,255 k,"9,6%",utah
2006,235 k,"9,3%",utah
2005,232 k,"9,2%",utah
2004,241 k,"10,1%",utah
2003,213 k,"9,1%",utah
2002,228 k,"9,9%",utah
2001,238 k,"10,5%",utah
2000,170 k,"7,6%",utah
1999,126 k,"5,7%",utah
1998,190 k,"9,0%",utah
1997,185 k,"8,9%",utah
1996,153 k,"7,7%",utah
1995,168 k,"8,4%",utah
1994,154 k,"8,0%",utah
1993,203 k,"10,7%",utah
1992,172 k,"9,4%",utah
1991,222 k,"12,9%",utah
1990,143 k,"8,2%",utah
1989,138 k,"8,2%",utah
1988,162 k,"9,8%",utah
1987,173 k,"10,2%",utah
1986,209 k,"12,6%",utah
1985,180 k,"10,9%",utah
1984,183 k,"11,1%",utah
1983,214 k,"13,5%",utah
1982,229 k,"14,5%",utah
1981,185 k,"12,2%",utah
1980,148 k,"10,0%",utah
2020,53 k,"8,6%",vermont
2019,53 k,"8,6%",vermont
2018,60 k,"9,7%",vermont
2017,53 k,"8,6%",vermont
2016,60 k,"9,6%",vermont
2015,65 k,"10,7%",vermont
2014,57 k,"9,3%",vermont
2013,43 k,"6,8%",vermont
2012,69 k,"11,2%",vermont
2011,71 k,"11,6%",vermont
2010,67 k,"10,8%",vermont
2009,58 k,"9,4%",vermont
2008,55 k,"9,0%",vermont
2007,61 k,"9,9%",vermont
2006,48 k,"7,8%",vermont
2005,47 k,"7,6%",vermont
2004,48 k,"7,8%",vermont
2003,52 k,"8,5%",vermont
2002,61 k,"9,9%",vermont
2001,59 k,"9,7%",vermont
2000,60 k,"10,0%",vermont
1999,58 k,"9,6%",vermont
1998,58 k,"9,9%",vermont
1997,54 k,"9,3%",vermont
1996,74 k,"12,6%",vermont
1995,61 k,"10,3%",vermont
1994,45 k,"7,6%",vermont
1993,59 k,"10,0%",vermont
1992,61 k,"10,5%",vermont
1991,73 k,"12,6%",vermont
1990,61 k,"10,9%",vermont
1989,44 k,"8,0%",vermont
1988,43 k,"8,1%",vermont
1987,50 k,"9,3%",vermont
1986,58 k,"11,0%",vermont
1985,48 k,"9,2%",vermont
1984,65 k,"12,6%",vermont
1983,83 k,"15,6%",vermont
1982,67 k,"12,9%",vermont
1981,66 k,"12,3%",vermont
1980,62 k,"12,0%",vermont
2020,658 k,"7,8%",virginia
2019,737 k,"8,8%",virginia
2018,821 k,"9,8%",virginia
2017,862 k,"10,5%",virginia
2016,929 k,"11,4%",virginia
2015,894 k,"10,9%",virginia
2014,842 k,"10,2%",virginia
2013,805 k,"9,8%",virginia
2012,850 k,"10,6%",virginia
2011,907 k,"11,4%",virginia
2010,835 k,"10,7%",virginia
2009,831 k,"10,7%",virginia
2008,799 k,"10,3%",virginia
2007,664 k,"8,6%",virginia
2006,651 k,"8,6%",virginia
2005,684 k,"9,2%",virginia
2004,693 k,"9,4%",virginia
2003,740 k,"10,0%",virginia
2002,702 k,"9,9%",virginia
2001,564 k,"8,0%",virginia
2000,577 k,"8,3%",virginia
1999,537 k,"7,9%",virginia
1998,589 k,"8,8%",virginia
1997,858 k,"12,7%",virginia
1996,795 k,"12,3%",virginia
1995,648 k,"10,2%",virginia
1994,710 k,"10,7%",virginia
1993,627 k,"9,7%",virginia
1992,592 k,"9,5%",virginia
1991,608 k,"9,9%",virginia
1990,705 k,"11,1%",virginia
1989,671 k,"10,9%",virginia
1988,647 k,"10,8%",virginia
1987,583 k,"9,9%",virginia
1986,547 k,"9,7%",virginia
1985,558 k,"10,0%",virginia
1984,554 k,"10,0%",virginia
1983,618 k,"11,3%",virginia
1982,668 k,"12,5%",virginia
1981,662 k,"12,6%",virginia
1980,647 k,"12,4%",virginia
2020,628 k,"8,3%",washington
2019,527 k,"7,0%",washington
2018,647 k,"8,6%",washington
2017,810 k,"10,9%",washington
2016,800 k,"11,0%",washington
2015,819 k,"11,4%",washington
2014,852 k,"12,0%",washington
2013,836 k,"12,2%",washington
2012,796 k,"11,6%",washington
2011,854 k,"12,5%",washington
2010,779 k,"11,6%",washington
2009,781 k,"11,7%",washington
2008,680 k,"10,4%",washington
2007,661 k,"10,2%",washington
2006,502 k,"8,0%",washington
2005,636 k,"10,2%",washington
2004,700 k,"11,4%",washington
2003,766 k,"12,6%",washington
2002,657 k,"11,0%",washington
2001,634 k,"10,7%",washington
2000,634 k,"10,8%",washington
1999,545 k,"9,6%",washington
1998,512 k,"8,9%",washington
1997,529 k,"9,2%",washington
1996,666 k,"11,9%",washington
1995,677 k,"12,5%",washington
1994,614 k,"11,7%",washington
1993,634 k,"12,1%",washington
1992,574 k,"11,2%",washington
1991,474 k,"9,5%",washington
1990,434 k,"8,9%",washington
1989,455 k,"9,6%",washington
1988,402 k,"8,7%",washington
1987,450 k,"10,0%",washington
1986,563 k,"12,9%",washington
1985,526 k,"12,0%",washington
1984,479 k,"11,3%",washington
1983,460 k,"10,8%",washington
1982,549 k,"12,9%",washington
1981,471 k,"11,3%",washington
1980,538 k,"12,7%",washington
2020,460 k,"8,0%",wisconsin
2019,479 k,"8,4%",wisconsin
2018,499 k,"8,6%",wisconsin
2017,537 k,"9,2%",wisconsin
2016,620 k,"10,7%",wisconsin
2015,654 k,"11,4%",wisconsin
2014,628 k,"10,9%",wisconsin
2013,756 k,"13,5%",wisconsin
2012,640 k,"11,4%",wisconsin
2011,743 k,"13,1%",wisconsin
2010,567 k,"10,1%",wisconsin
2009,599 k,"10,8%",wisconsin
2008,544 k,"9,8%",wisconsin
2007,601 k,"11,0%",wisconsin
2006,555 k,"10,1%",wisconsin
2005,553 k,"10,2%",wisconsin
2004,676 k,"12,4%",wisconsin
2003,528 k,"9,8%",wisconsin
2002,467 k,"8,6%",wisconsin
2001,423 k,"7,9%",wisconsin
2000,493 k,"9,3%",wisconsin
1999,466 k,"8,6%",wisconsin
1998,449 k,"8,8%",wisconsin
1997,422 k,"8,2%",wisconsin
1996,460 k,"8,8%",wisconsin
1995,449 k,"8,5%",wisconsin
1994,453 k,"9,0%",wisconsin
1993,636 k,"12,6%",wisconsin
1992,560 k,"10,9%",wisconsin
1991,492 k,"9,9%",wisconsin
1990,448 k,"9,3%",wisconsin
1989,393 k,"8,4%",wisconsin
1988,364 k,"7,8%",wisconsin
1987,428 k,"9,0%",wisconsin
1986,501 k,"10,7%",wisconsin
1985,544 k,"11,6%",wisconsin
1984,730 k,"15,5%",wisconsin
1983,504 k,"10,7%",wisconsin
1982,452 k,"9,5%",wisconsin
1981,384 k,"8,1%",wisconsin
1980,403 k,"8,5%",wisconsin
2020,55 k,"9,8%",wyoming
2019,52 k,"9,2%",wyoming
2018,53 k,"9,5%",wyoming
2017,73 k,"13,0%",wyoming
2016,62 k,"10,9%",wyoming
2015,56 k,"9,8%",wyoming
2014,55 k,"9,7%",wyoming
2013,68 k,"11,4%",wyoming
2012,56 k,"9,6%",wyoming
2011,60 k,"10,7%",wyoming
2010,53 k,"9,6%",wyoming
2009,50 k,"9,2%",wyoming
2008,54 k,"10,1%",wyoming
2007,56 k,"10,9%",wyoming
2006,51 k,"10,0%",wyoming
2005,54 k,"10,6%",wyoming
2004,50 k,"10,0%",wyoming
2003,48 k,"9,8%",wyoming
2002,44 k,"9,0%",wyoming
2001,42 k,"8,7%",wyoming
2000,52 k,"10,8%",wyoming
1999,56 k,"11,6%",wyoming
1998,51 k,"10,6%",wyoming
1997,66 k,"13,5%",wyoming
1996,58 k,"11,9%",wyoming
1995,59 k,"12,2%",wyoming
1994,45 k,"9,3%",wyoming
1993,64 k,"13,3%",wyoming
1992,49 k,"10,3%",wyoming
1991,47 k,"9,9%",wyoming
1990,51 k,"11,0%",wyoming
1989,50 k,"10,9%",wyoming
1988,43 k,"9,6%",wyoming
1987,49 k,"10,8%",wyoming
1986,73 k,"14,6%",wyoming
1985,61 k,"12,0%",wyoming
1984,53 k,"10,9%",wyoming
1983,61 k,"12,6%",wyoming
1982,58 k,"12,0%",wyoming
1981,43 k,"8,9%",wyoming
1980,49 k,"10,4%",wyoming
2020,246 k,"14,1%",virginia-occidental
2019,242 k,"13,9%",virginia-occidental
2018,279 k,"15,9%",virginia-occidental
2017,306 k,"17,1%",virginia-occidental
2016,326 k,"18,0%",virginia-occidental
2015,261 k,"14,5%",virginia-occidental
2014,376 k,"20,6%",virginia-occidental
2013,358 k,"19,8%",virginia-occidental
2012,301 k,"16,7%",virginia-occidental
2011,318 k,"17,5%",virginia-occidental
2010,306 k,"16,8%",virginia-occidental
2009,285 k,"15,8%",virginia-occidental
2008,260 k,"14,5%",virginia-occidental
2007,265 k,"14,8%",virginia-occidental
2006,277 k,"15,3%",virginia-occidental
2005,276 k,"15,4%",virginia-occidental
2004,254 k,"14,2%",virginia-occidental
2003,310 k,"17,4%",virginia-occidental
2002,293 k,"16,8%",virginia-occidental
2001,291 k,"16,4%",virginia-occidental
2000,261 k,"14,7%",virginia-occidental
1999,272 k,"15,7%",virginia-occidental
1998,312 k,"17,8%",virginia-occidental
1997,286 k,"16,4%",virginia-occidental
1996,323 k,"18,5%",virginia-occidental
1995,300 k,"16,7%",virginia-occidental
1994,336 k,"18,6%",virginia-occidental
1993,400 k,"22,2%",virginia-occidental
1992,401 k,"22,3%",virginia-occidental
1991,327 k,"17,9%",virginia-occidental
1990,328 k,"18,1%",virginia-occidental
1989,283 k,"15,7%",virginia-occidental
1988,337 k,"17,9%",virginia-occidental
1987,408 k,"21,6%",virginia-occidental
1986,432 k,"22,4%",virginia-occidental
1985,423 k,"22,3%",virginia-occidental
1984,392 k,"20,4%",virginia-occidental
1983,419 k,"22,1%",virginia-occidental
1982,484 k,"24,8%",virginia-occidental
1981,398 k,"19,9%",virginia-occidental
1980,297 k,"15,2%",virginia-occidental
