id_Estado,Estado,Fecha,Personas en riesgo de pobreza,% Riesgo Pobreza
AL,Alabama,2020,727.0,14.9
AL,Alabama,2019,627.0,12.9
AL,Alabama,2018,779.0,16.0
AL,Alabama,2017,735.0,15.3
AL,Alabama,2016,782.0,16.2
AL,Alabama,2015,784.0,16.3
AL,Alabama,2014,848.0,17.8
AL,Alabama,2013,891.0,18.5
AL,Alabama,2012,777.0,16.2
AL,Alabama,2011,732.0,15.4
AL,Alabama,2010,812.0,17.2
AL,Alabama,2009,770.0,16.6
AL,Alabama,2008,675.0,14.3
AL,Alabama,2007,662.0,14.5
AL,Alabama,2006,650.0,14.3
AL,Alabama,2005,750.0,16.7
AL,Alabama,2004,762.0,16.9
AL,Alabama,2003,663.0,15.0
AL,Alabama,2002,640.0,14.5
AL,Alabama,2001,696.0,15.9
AL,Alabama,2000,583.0,13.3
AL,Alabama,1999,668.0,15.2
AL,Alabama,1998,609.0,14.5
AL,Alabama,1997,665.0,15.7
AL,Alabama,1996,595.0,14.0
AL,Alabama,1995,882.0,20.1
AL,Alabama,1994,704.0,16.4
AL,Alabama,1993,725.0,17.4
AL,Alabama,1992,729.0,17.3
AL,Alabama,1991,786.0,18.8
AL,Alabama,1990,779.0,19.2
AL,Alabama,1989,770.0,18.9
AL,Alabama,1988,775.0,19.3
AL,Alabama,1987,851.0,21.3
AL,Alabama,1986,959.0,23.8
AL,Alabama,1985,821.0,20.6
AL,Alabama,1984,738.0,19.1
AL,Alabama,1983,909.0,23.0
AL,Alabama,1982,849.0,21.6
AL,Alabama,1981,935.0,24.1
AL,Alabama,1980,810.0,21.2
AK,Alaska,2020,94.0,13.3
AK,Alaska,2019,72.0,10.2
AK,Alaska,2018,94.0,13.1
AK,Alaska,2017,87.0,12.1
AK,Alaska,2016,89.0,12.6
AK,Alaska,2015,65.0,9.2
AK,Alaska,2014,82.0,11.9
AK,Alaska,2013,67.0,9.7
AK,Alaska,2012,70.0,10.0
AK,Alaska,2011,83.0,11.7
AK,Alaska,2010,87.0,12.5
AK,Alaska,2009,81.0,11.7
AK,Alaska,2008,55.0,8.2
AK,Alaska,2007,51.0,7.6
AK,Alaska,2006,58.0,8.9
AK,Alaska,2005,66.0,10.0
AK,Alaska,2004,59.0,9.1
AK,Alaska,2003,62.0,9.6
AK,Alaska,2002,56.0,8.8
AK,Alaska,2001,54.0,8.5
AK,Alaska,2000,47.0,7.6
AK,Alaska,1999,48.0,7.6
AK,Alaska,1998,60.0,9.4
AK,Alaska,1997,56.0,8.8
AK,Alaska,1996,54.0,8.2
AK,Alaska,1995,45.0,7.1
AK,Alaska,1994,61.0,10.2
AK,Alaska,1993,52.0,9.1
AK,Alaska,1992,58.0,10.2
AK,Alaska,1991,62.0,11.8
AK,Alaska,1990,57.0,11.4
AK,Alaska,1989,51.0,10.5
AK,Alaska,1988,53.0,11.0
AK,Alaska,1987,60.0,12.0
AK,Alaska,1986,59.0,11.4
AK,Alaska,1985,45.0,8.7
AK,Alaska,1984,49.0,9.6
AK,Alaska,1983,61.0,12.6
AK,Alaska,1982,46.0,10.6
AK,Alaska,1981,36.0,9.0
AK,Alaska,1980,36.0,9.6
AZ,Arizona,2020,807.0,10.8
AZ,Arizona,2019,725.0,9.9
AZ,Arizona,2018,929.0,12.8
AZ,Arizona,2017,951.0,13.6
AZ,Arizona,2016,1.108,16.1
AZ,Arizona,2015,1.156,17.2
AZ,Arizona,2014,1.409,21.2
AZ,Arizona,2013,1.163,17.8
AZ,Arizona,2012,1.26,19.0
AZ,Arizona,2011,1.128,17.2
AZ,Arizona,2010,1.208,18.8
AZ,Arizona,2009,1.381,21.2
AZ,Arizona,2008,1.172,18.0
AZ,Arizona,2007,912.0,14.3
AZ,Arizona,2006,902.0,14.4
AZ,Arizona,2005,917.0,15.2
AZ,Arizona,2004,830.0,14.4
AZ,Arizona,2003,749.0,13.5
AZ,Arizona,2002,735.0,13.5
AZ,Arizona,2001,778.0,14.6
AZ,Arizona,2000,607.0,11.7
AZ,Arizona,1999,616.0,12.2
AZ,Arizona,1998,812.0,16.6
AZ,Arizona,1997,797.0,17.2
AZ,Arizona,1996,980.0,20.5
AZ,Arizona,1995,700.0,16.1
AZ,Arizona,1994,673.0,15.9
AZ,Arizona,1993,615.0,15.4
AZ,Arizona,1992,607.0,15.8
AZ,Arizona,1991,532.0,14.8
AZ,Arizona,1990,484.0,13.7
AZ,Arizona,1989,502.0,14.1
AZ,Arizona,1988,491.0,14.1
AZ,Arizona,1987,444.0,12.8
AZ,Arizona,1986,484.0,14.3
AZ,Arizona,1985,345.0,10.7
AZ,Arizona,1984,569.0,18.2
AZ,Arizona,1983,469.0,16.3
AZ,Arizona,1982,408.0,14.8
AZ,Arizona,1981,323.0,11.7
AZ,Arizona,1980,354.0,12.8
AR,Arkansas,2020,422.0,14.2
AR,Arkansas,2019,412.0,14.1
AR,Arkansas,2018,462.0,15.9
AR,Arkansas,2017,436.0,14.9
AR,Arkansas,2016,471.0,16.0
AR,Arkansas,2015,475.0,16.1
AR,Arkansas,2014,532.0,18.4
AR,Arkansas,2013,395.0,13.9
AR,Arkansas,2012,584.0,20.1
AR,Arkansas,2011,545.0,18.7
AR,Arkansas,2010,440.0,15.3
AR,Arkansas,2009,538.0,18.9
AR,Arkansas,2008,431.0,15.3
AR,Arkansas,2007,387.0,13.8
AR,Arkansas,2006,487.0,17.7
AR,Arkansas,2005,382.0,13.8
AR,Arkansas,2004,412.0,15.1
AR,Arkansas,2003,474.0,17.8
AR,Arkansas,2002,532.0,19.8
AR,Arkansas,2001,472.0,17.8
AR,Arkansas,2000,436.0,16.5
AR,Arkansas,1999,384.0,14.7
AR,Arkansas,1998,377.0,14.7
AR,Arkansas,1997,515.0,19.7
AR,Arkansas,1996,449.0,17.2
AR,Arkansas,1995,376.0,14.9
AR,Arkansas,1994,369.0,15.3
AR,Arkansas,1993,484.0,20.0
AR,Arkansas,1992,430.0,17.5
AR,Arkansas,1991,425.0,17.3
AR,Arkansas,1990,472.0,19.6
AR,Arkansas,1989,442.0,18.3
AR,Arkansas,1988,527.0,21.6
AR,Arkansas,1987,537.0,21.8
AR,Arkansas,1986,499.0,21.3
AR,Arkansas,1985,541.0,22.9
AR,Arkansas,1984,564.0,23.9
AR,Arkansas,1983,492.0,21.5
AR,Arkansas,1982,527.0,23.8
AR,Arkansas,1981,541.0,24.1
AR,Arkansas,1980,484.0,21.5
CA,California,2020,4.318,11.0
CA,California,2019,3.98,10.1
CA,California,2018,4.664,11.9
CA,California,2017,4.759,12.1
CA,California,2016,5.435,13.9
CA,California,2015,5.441,13.9
CA,California,2014,6.112,15.8
CA,California,2013,5.754,15.1
CA,California,2012,6.015,15.9
CA,California,2011,6.352,16.9
CA,California,2010,6.073,16.3
CA,California,2009,5.638,15.3
CA,California,2008,5.344,14.6
CA,California,2007,4.589,12.7
CA,California,2006,4.427,12.2
CA,California,2005,4.716,13.2
CA,California,2004,4.724,13.2
CA,California,2003,4.634,13.1
CA,California,2002,4.605,13.1
CA,California,2001,4.321,12.6
CA,California,2000,4.294,12.7
CA,California,1999,4.733,14.0
CA,California,1998,5.118,15.4
CA,California,1997,5.459,16.6
CA,California,1996,5.472,16.9
CA,California,1995,5.342,16.7
CA,California,1994,5.658,17.9
CA,California,1993,5.803,18.2
CA,California,1992,5.197,16.4
CA,California,1991,4.825,15.7
CA,California,1990,4.128,13.9
CA,California,1989,3.772,12.9
CA,California,1988,3.687,13.2
CA,California,1987,3.443,12.3
CA,California,1986,3.453,12.7
CA,California,1985,3.596,13.6
CA,California,1984,3.375,13.2
CA,California,1983,3.755,14.9
CA,California,1982,3.475,14.1
CA,California,1981,3.216,13.3
CA,California,1980,2.619,11.0
NC,North Carolina,2020,1.449,13.7
NC,North Carolina,2019,1.324,12.7
NC,North Carolina,2018,1.355,13.1
NC,North Carolina,2017,1.567,15.2
NC,North Carolina,2016,1.363,13.6
NC,North Carolina,2015,1.509,15.3
NC,North Carolina,2014,1.678,17.1
NC,North Carolina,2013,1.419,14.7
NC,North Carolina,2012,1.652,17.2
NC,North Carolina,2011,1.459,15.4
NC,North Carolina,2010,1.633,17.4
NC,North Carolina,2009,1.576,16.9
NC,North Carolina,2008,1.285,13.9
NC,North Carolina,2007,1.423,15.5
NC,North Carolina,2006,1.225,13.8
NC,North Carolina,2005,1.115,13.1
NC,North Carolina,2004,1.229,14.6
NC,North Carolina,2003,1.289,15.7
NC,North Carolina,2002,1.165,14.3
NC,North Carolina,2001,1.013,12.5
NC,North Carolina,2000,1.0,12.5
NC,North Carolina,1999,1.069,13.8
NC,North Carolina,1998,1.039,14.0
NC,North Carolina,1997,839.0,11.4
NC,North Carolina,1996,885.0,12.2
NC,North Carolina,1995,877.0,12.6
NC,North Carolina,1994,980.0,14.2
NC,North Carolina,1993,966.0,14.4
NC,North Carolina,1992,1.08,15.8
NC,North Carolina,1991,964.0,14.5
NC,North Carolina,1990,829.0,13.0
NC,North Carolina,1989,770.0,12.2
NC,North Carolina,1988,796.0,12.6
NC,North Carolina,1987,853.0,13.8
NC,North Carolina,1986,884.0,14.3
NC,North Carolina,1985,863.0,14.2
NC,North Carolina,1984,860.0,14.6
NC,North Carolina,1983,933.0,15.8
NC,North Carolina,1982,1.201,20.3
NC,North Carolina,1981,1.016,17.5
NC,North Carolina,1980,877.0,15.0
SC,South Carolina,2020,686.0,13.3
SC,South Carolina,2019,775.0,15.1
SC,South Carolina,2018,642.0,12.8
SC,South Carolina,2017,756.0,15.2
SC,South Carolina,2016,690.0,14.1
SC,South Carolina,2015,683.0,14.3
SC,South Carolina,2014,788.0,16.5
SC,South Carolina,2013,904.0,19.3
SC,South Carolina,2012,779.0,16.7
SC,South Carolina,2011,874.0,19.0
SC,South Carolina,2010,773.0,16.9
SC,South Carolina,2009,618.0,13.7
SC,South Carolina,2008,624.0,14.0
SC,South Carolina,2007,617.0,14.1
SC,South Carolina,2006,474.0,11.2
SC,South Carolina,2005,626.0,15.0
SC,South Carolina,2004,615.0,14.9
SC,South Carolina,2003,516.0,12.7
SC,South Carolina,2002,568.0,14.3
SC,South Carolina,2001,603.0,15.1
SC,South Carolina,2000,441.0,11.1
SC,South Carolina,1999,445.0,11.7
SC,South Carolina,1998,527.0,13.7
SC,South Carolina,1997,500.0,13.1
SC,South Carolina,1996,482.0,13.0
SC,South Carolina,1995,744.0,19.9
SC,South Carolina,1994,501.0,13.8
SC,South Carolina,1993,678.0,18.7
SC,South Carolina,1992,697.0,19.0
SC,South Carolina,1991,582.0,16.4
SC,South Carolina,1990,548.0,16.2
SC,South Carolina,1989,585.0,17.0
SC,South Carolina,1988,528.0,15.5
SC,South Carolina,1987,512.0,15.6
SC,South Carolina,1986,569.0,17.3
SC,South Carolina,1985,489.0,15.2
SC,South Carolina,1984,561.0,17.2
SC,South Carolina,1983,687.0,20.8
SC,South Carolina,1982,701.0,21.2
SC,South Carolina,1981,615.0,18.4
SC,South Carolina,1980,534.0,16.8
CO,Colorado,2020,548.0,9.5
CO,Colorado,2019,535.0,9.3
CO,Colorado,2018,521.0,9.1
CO,Colorado,2017,489.0,8.9
CO,Colorado,2016,467.0,8.5
CO,Colorado,2015,538.0,9.9
CO,Colorado,2014,661.0,12.3
CO,Colorado,2013,569.0,10.7
CO,Colorado,2012,613.0,11.9
CO,Colorado,2011,661.0,13.2
CO,Colorado,2010,615.0,12.3
CO,Colorado,2009,613.0,12.3
CO,Colorado,2008,541.0,11.0
CO,Colorado,2007,478.0,9.8
CO,Colorado,2006,466.0,9.7
CO,Colorado,2005,530.0,11.4
CO,Colorado,2004,450.0,10.0
CO,Colorado,2003,436.0,9.7
CO,Colorado,2002,436.0,9.8
CO,Colorado,2001,383.0,8.7
CO,Colorado,2000,425.0,9.8
CO,Colorado,1999,366.0,8.5
CO,Colorado,1998,363.0,9.2
CO,Colorado,1997,320.0,8.2
CO,Colorado,1996,412.0,10.6
CO,Colorado,1995,335.0,8.8
CO,Colorado,1994,335.0,9.0
CO,Colorado,1993,354.0,9.9
CO,Colorado,1992,376.0,10.8
CO,Colorado,1991,347.0,10.4
CO,Colorado,1990,461.0,13.7
CO,Colorado,1989,393.0,12.1
CO,Colorado,1988,405.0,12.5
CO,Colorado,1987,398.0,12.5
CO,Colorado,1986,426.0,13.5
CO,Colorado,1985,324.0,10.2
CO,Colorado,1984,274.0,8.9
CO,Colorado,1983,390.0,12.6
CO,Colorado,1982,387.0,12.6
CO,Colorado,1981,285.0,9.6
CO,Colorado,1980,247.0,8.6
CT,Connecticut,2020,389.0,11.2
CT,Connecticut,2019,291.0,8.3
CT,Connecticut,2018,348.0,10.2
CT,Connecticut,2017,377.0,10.6
CT,Connecticut,2016,351.0,9.8
CT,Connecticut,2015,324.0,9.1
CT,Connecticut,2014,308.0,8.6
CT,Connecticut,2013,396.0,10.9
CT,Connecticut,2012,363.0,10.3
CT,Connecticut,2011,356.0,10.1
CT,Connecticut,2010,303.0,8.6
CT,Connecticut,2009,292.0,8.4
CT,Connecticut,2008,276.0,8.1
CT,Connecticut,2007,309.0,8.9
CT,Connecticut,2006,275.0,8.0
CT,Connecticut,2005,326.0,9.3
CT,Connecticut,2004,352.0,10.1
CT,Connecticut,2003,278.0,8.1
CT,Connecticut,2002,279.0,8.3
CT,Connecticut,2001,249.0,7.3
CT,Connecticut,2000,258.0,7.7
CT,Connecticut,1999,246.0,7.2
CT,Connecticut,1998,310.0,9.5
CT,Connecticut,1997,282.0,8.6
CT,Connecticut,1996,392.0,11.7
CT,Connecticut,1995,318.0,9.7
CT,Connecticut,1994,344.0,10.8
CT,Connecticut,1993,277.0,8.5
CT,Connecticut,1992,321.0,9.8
CT,Connecticut,1991,287.0,8.6
CT,Connecticut,1990,196.0,6.0
CT,Connecticut,1989,90.0,2.9
CT,Connecticut,1988,128.0,4.0
CT,Connecticut,1987,207.0,6.6
CT,Connecticut,1986,186.0,6.0
CT,Connecticut,1985,237.0,7.6
CT,Connecticut,1984,218.0,6.9
CT,Connecticut,1983,276.0,8.8
CT,Connecticut,1982,254.0,8.1
CT,Connecticut,1981,254.0,8.2
CT,Connecticut,1980,255.0,8.3
ND,North Dakota,2020,80.0,10.7
ND,North Dakota,2019,61.0,8.1
ND,North Dakota,2018,72.0,9.7
ND,North Dakota,2017,92.0,12.4
ND,North Dakota,2016,83.0,11.1
ND,North Dakota,2015,82.0,10.7
ND,North Dakota,2014,71.0,9.7
ND,North Dakota,2013,94.0,13.2
ND,North Dakota,2012,79.0,11.4
ND,North Dakota,2011,67.0,9.9
ND,North Dakota,2010,82.0,12.6
ND,North Dakota,2009,69.0,10.9
ND,North Dakota,2008,74.0,11.8
ND,North Dakota,2007,57.0,9.3
ND,North Dakota,2006,70.0,11.4
ND,North Dakota,2005,70.0,11.2
ND,North Dakota,2004,61.0,9.7
ND,North Dakota,2003,61.0,9.7
ND,North Dakota,2002,73.0,11.6
ND,North Dakota,2001,86.0,13.8
ND,North Dakota,2000,65.0,10.4
ND,North Dakota,1999,81.0,13.1
ND,North Dakota,1998,97.0,15.1
ND,North Dakota,1997,87.0,13.6
ND,North Dakota,1996,69.0,11.0
ND,North Dakota,1995,76.0,12.0
ND,North Dakota,1994,65.0,10.4
ND,North Dakota,1993,70.0,11.2
ND,North Dakota,1992,74.0,12.1
ND,North Dakota,1991,92.0,14.5
ND,North Dakota,1990,87.0,13.7
ND,North Dakota,1989,79.0,12.2
ND,North Dakota,1988,76.0,11.6
ND,North Dakota,1987,75.0,11.4
ND,North Dakota,1986,88.0,13.5
ND,North Dakota,1985,108.0,15.9
ND,North Dakota,1984,106.0,15.4
ND,North Dakota,1983,103.0,15.0
ND,North Dakota,1982,85.0,12.9
ND,North Dakota,1981,89.0,14.2
ND,North Dakota,1980,99.0,15.5
SD,South Dakota,2020,102.0,11.6
SD,South Dakota,2019,91.0,10.6
SD,South Dakota,2018,90.0,10.6
SD,South Dakota,2017,93.0,10.7
SD,South Dakota,2016,124.0,14.5
SD,South Dakota,2015,118.0,13.9
SD,South Dakota,2014,109.0,12.8
SD,South Dakota,2013,110.0,13.3
SD,South Dakota,2012,106.0,12.8
SD,South Dakota,2011,117.0,14.5
SD,South Dakota,2010,109.0,13.6
SD,South Dakota,2009,113.0,14.1
SD,South Dakota,2008,104.0,13.1
SD,South Dakota,2007,74.0,9.4
SD,South Dakota,2006,82.0,10.7
SD,South Dakota,2005,90.0,11.8
SD,South Dakota,2004,102.0,13.5
SD,South Dakota,2003,95.0,12.7
SD,South Dakota,2002,85.0,11.5
SD,South Dakota,2001,62.0,8.4
SD,South Dakota,2000,79.0,10.7
SD,South Dakota,1999,55.0,7.7
SD,South Dakota,1998,77.0,10.8
SD,South Dakota,1997,117.0,16.5
SD,South Dakota,1996,82.0,11.8
SD,South Dakota,1995,103.0,14.5
SD,South Dakota,1994,107.0,14.5
SD,South Dakota,1993,102.0,14.2
SD,South Dakota,1992,106.0,15.1
SD,South Dakota,1991,96.0,14.0
SD,South Dakota,1990,93.0,13.3
SD,South Dakota,1989,92.0,13.2
SD,South Dakota,1988,101.0,14.2
SD,South Dakota,1987,109.0,15.2
SD,South Dakota,1986,118.0,17.0
SD,South Dakota,1985,119.0,17.3
SD,South Dakota,1984,100.0,14.5
SD,South Dakota,1983,127.0,18.4
SD,South Dakota,1982,114.0,16.8
SD,South Dakota,1981,132.0,19.5
SD,South Dakota,1980,127.0,18.8
DE,Delaware,2020,103.0,10.5
DE,Delaware,2019,63.0,6.5
DE,Delaware,2018,72.0,7.4
DE,Delaware,2017,85.0,8.8
DE,Delaware,2016,110.0,11.6
DE,Delaware,2015,106.0,11.1
DE,Delaware,2014,103.0,11.0
DE,Delaware,2013,102.0,11.2
DE,Delaware,2012,121.0,13.5
DE,Delaware,2011,123.0,13.7
DE,Delaware,2010,109.0,12.2
DE,Delaware,2009,109.0,12.3
DE,Delaware,2008,82.0,9.6
DE,Delaware,2007,80.0,9.3
DE,Delaware,2006,80.0,9.3
DE,Delaware,2005,78.0,9.2
DE,Delaware,2004,74.0,9.0
DE,Delaware,2003,60.0,7.3
DE,Delaware,2002,73.0,9.1
DE,Delaware,2001,53.0,6.7
DE,Delaware,2000,65.0,8.4
DE,Delaware,1999,80.0,10.4
DE,Delaware,1998,80.0,10.3
DE,Delaware,1997,72.0,9.6
DE,Delaware,1996,63.0,8.6
DE,Delaware,1995,74.0,10.3
DE,Delaware,1994,57.0,8.3
DE,Delaware,1993,73.0,10.2
DE,Delaware,1992,55.0,7.8
DE,Delaware,1991,53.0,7.5
DE,Delaware,1990,48.0,6.9
DE,Delaware,1989,68.0,10.0
DE,Delaware,1988,57.0,8.6
DE,Delaware,1987,42.0,6.6
DE,Delaware,1986,79.0,12.4
DE,Delaware,1985,71.0,11.4
DE,Delaware,1984,63.0,10.3
DE,Delaware,1983,52.0,8.6
DE,Delaware,1982,70.0,11.5
DE,Delaware,1981,72.0,12.3
DE,Delaware,1980,68.0,11.8
FL,Florida,2020,2.861,13.2
FL,Florida,2019,2.455,11.5
FL,Florida,2018,2.883,13.7
FL,Florida,2017,2.809,13.4
FL,Florida,2016,2.659,13.0
FL,Florida,2015,3.253,16.2
FL,Florida,2014,3.282,16.7
FL,Florida,2013,2.882,14.8
FL,Florida,2012,2.926,15.3
FL,Florida,2011,2.822,14.9
FL,Florida,2010,3.006,16.0
FL,Florida,2009,2.676,14.6
FL,Florida,2008,2.37,13.1
FL,Florida,2007,2.25,12.5
FL,Florida,2006,2.068,11.5
FL,Florida,2005,1.975,11.1
FL,Florida,2004,2.028,11.6
FL,Florida,2003,2.148,12.7
FL,Florida,2002,2.058,12.6
FL,Florida,2001,2.077,12.7
FL,Florida,2000,1.754,11.0
FL,Florida,1999,1.937,12.4
FL,Florida,1998,1.923,13.1
FL,Florida,1997,2.056,14.3
FL,Florida,1996,2.037,14.2
FL,Florida,1995,2.321,16.2
FL,Florida,1994,2.128,14.9
FL,Florida,1993,2.507,17.8
FL,Florida,1992,2.139,15.6
FL,Florida,1991,2.069,15.4
FL,Florida,1990,1.896,14.4
FL,Florida,1989,1.59,12.5
FL,Florida,1988,1.704,13.6
FL,Florida,1987,1.523,12.4
FL,Florida,1986,1.342,11.4
FL,Florida,1985,1.551,13.4
FL,Florida,1984,1.693,15.1
FL,Florida,1983,1.595,14.7
FL,Florida,1982,1.601,15.2
FL,Florida,1981,1.704,16.6
FL,Florida,1980,1.692,16.7
GA,Georgia,2020,1.396,13.2
GA,Georgia,2019,1.249,12.1
GA,Georgia,2018,1.548,14.8
GA,Georgia,2017,1.339,13.1
GA,Georgia,2016,1.58,15.4
GA,Georgia,2015,1.833,18.1
GA,Georgia,2014,1.676,16.8
GA,Georgia,2013,1.825,18.5
GA,Georgia,2012,1.752,18.1
GA,Georgia,2011,1.783,18.4
GA,Georgia,2010,1.814,18.8
GA,Georgia,2009,1.775,18.4
GA,Georgia,2008,1.477,15.5
GA,Georgia,2007,1.294,13.6
GA,Georgia,2006,1.172,12.6
GA,Georgia,2005,1.298,14.4
GA,Georgia,2004,1.132,13.0
GA,Georgia,2003,1.014,11.9
GA,Georgia,2002,939.0,11.2
GA,Georgia,2001,1.069,12.9
GA,Georgia,2000,982.0,12.1
GA,Georgia,1999,1.011,12.8
GA,Georgia,1998,1.034,13.5
GA,Georgia,1997,1.109,14.5
GA,Georgia,1996,1.097,14.8
GA,Georgia,1995,878.0,12.1
GA,Georgia,1994,1.012,14.0
GA,Georgia,1993,919.0,13.5
GA,Georgia,1992,1.177,17.7
GA,Georgia,1991,1.077,17.2
GA,Georgia,1990,1.001,15.8
GA,Georgia,1989,929.0,15.0
GA,Georgia,1988,875.0,14.0
GA,Georgia,1987,883.0,14.6
GA,Georgia,1986,879.0,14.6
GA,Georgia,1985,1.037,17.7
GA,Georgia,1984,981.0,16.9
GA,Georgia,1983,1.05,18.8
GA,Georgia,1982,1.074,19.6
GA,Georgia,1981,881.0,16.3
GA,Georgia,1980,727.0,13.9
HI,Hawaii,2020,150.0,10.9
HI,Hawaii,2019,115.0,8.4
HI,Hawaii,2018,128.0,9.2
HI,Hawaii,2017,149.0,10.6
HI,Hawaii,2016,129.0,9.3
HI,Hawaii,2015,151.0,10.9
HI,Hawaii,2014,147.0,10.8
HI,Hawaii,2013,142.0,10.6
HI,Hawaii,2012,188.0,13.8
HI,Hawaii,2011,162.0,12.1
HI,Hawaii,2010,162.0,12.4
HI,Hawaii,2009,156.0,12.5
HI,Hawaii,2008,125.0,9.9
HI,Hawaii,2007,94.0,7.5
HI,Hawaii,2006,116.0,9.2
HI,Hawaii,2005,110.0,8.6
HI,Hawaii,2004,106.0,8.6
HI,Hawaii,2003,117.0,9.3
HI,Hawaii,2002,138.0,11.3
HI,Hawaii,2001,138.0,11.4
HI,Hawaii,2000,106.0,8.9
HI,Hawaii,1999,133.0,10.8
HI,Hawaii,1998,131.0,10.9
HI,Hawaii,1997,164.0,13.9
HI,Hawaii,1996,142.0,12.1
HI,Hawaii,1995,122.0,10.3
HI,Hawaii,1994,97.0,8.7
HI,Hawaii,1993,91.0,8.0
HI,Hawaii,1992,133.0,11.2
HI,Hawaii,1991,90.0,7.7
HI,Hawaii,1990,121.0,11.0
HI,Hawaii,1989,122.0,11.3
HI,Hawaii,1988,117.0,11.1
HI,Hawaii,1987,95.0,8.8
HI,Hawaii,1986,109.0,10.7
HI,Hawaii,1985,109.0,10.7
HI,Hawaii,1984,92.0,9.3
HI,Hawaii,1983,129.0,12.9
HI,Hawaii,1982,132.0,13.2
HI,Hawaii,1981,108.0,11.3
HI,Hawaii,1980,81.0,8.5
ID,Idaho,2020,168.0,9.2
ID,Idaho,2019,127.0,7.1
ID,Idaho,2018,202.0,11.5
ID,Idaho,2017,199.0,11.5
ID,Idaho,2016,187.0,11.1
ID,Idaho,2015,204.0,12.3
ID,Idaho,2014,199.0,12.4
ID,Idaho,2013,200.0,12.4
ID,Idaho,2012,229.0,14.4
ID,Idaho,2011,248.0,15.7
ID,Idaho,2010,213.0,13.8
ID,Idaho,2009,209.0,13.7
ID,Idaho,2008,185.0,12.2
ID,Idaho,2007,149.0,9.9
ID,Idaho,2006,141.0,9.5
ID,Idaho,2005,143.0,9.9
ID,Idaho,2004,136.0,9.9
ID,Idaho,2003,138.0,10.2
ID,Idaho,2002,147.0,11.3
ID,Idaho,2001,151.0,11.5
ID,Idaho,2000,162.0,12.5
ID,Idaho,1999,175.0,14.1
ID,Idaho,1998,165.0,13.0
ID,Idaho,1997,183.0,14.7
ID,Idaho,1996,140.0,11.9
ID,Idaho,1995,167.0,14.5
ID,Idaho,1994,137.0,12.0
ID,Idaho,1993,150.0,13.1
ID,Idaho,1992,166.0,15.2
ID,Idaho,1991,144.0,13.9
ID,Idaho,1990,157.0,14.9
ID,Idaho,1989,126.0,12.4
ID,Idaho,1988,124.0,12.5
ID,Idaho,1987,150.0,15.1
ID,Idaho,1986,180.0,18.5
ID,Idaho,1985,159.0,16.0
ID,Idaho,1984,171.0,17.3
ID,Idaho,1983,174.0,17.7
ID,Idaho,1982,151.0,15.6
ID,Idaho,1981,171.0,17.7
ID,Idaho,1980,138.0,14.7
IL,Illinois,2020,997.0,8.0
IL,Illinois,2019,1.16,9.3
IL,Illinois,2018,1.292,10.3
IL,Illinois,2017,1.454,11.5
IL,Illinois,2016,1.517,12.1
IL,Illinois,2015,1.38,10.9
IL,Illinois,2014,1.756,13.7
IL,Illinois,2013,1.72,13.6
IL,Illinois,2012,1.608,12.6
IL,Illinois,2011,1.807,14.2
IL,Illinois,2010,1.798,14.1
IL,Illinois,2009,1.69,13.2
IL,Illinois,2008,1.564,12.3
IL,Illinois,2007,1.262,10.0
IL,Illinois,2006,1.338,10.6
IL,Illinois,2005,1.441,11.5
IL,Illinois,2004,1.546,12.3
IL,Illinois,2003,1.592,12.6
IL,Illinois,2002,1.594,12.8
IL,Illinois,2001,1.249,10.1
IL,Illinois,2000,1.307,10.7
IL,Illinois,1999,1.215,9.9
IL,Illinois,1998,1.234,10.1
IL,Illinois,1997,1.349,11.2
IL,Illinois,1996,1.429,12.1
IL,Illinois,1995,1.459,12.4
IL,Illinois,1994,1.464,12.4
IL,Illinois,1993,1.6,13.6
IL,Illinois,1992,1.857,15.6
IL,Illinois,1991,1.598,13.5
IL,Illinois,1990,1.606,13.7
IL,Illinois,1989,1.47,12.7
IL,Illinois,1988,1.436,12.7
IL,Illinois,1987,1.655,14.4
IL,Illinois,1986,1.517,13.3
IL,Illinois,1985,1.83,15.6
IL,Illinois,1984,1.753,15.0
IL,Illinois,1983,1.617,14.3
IL,Illinois,1982,1.512,13.4
IL,Illinois,1981,1.371,12.1
IL,Illinois,1980,1.386,12.3
IN,Indiana,2020,802.0,12.0
IN,Indiana,2019,677.0,10.1
IN,Indiana,2018,761.0,11.6
IN,Indiana,2017,762.0,11.7
IN,Indiana,2016,768.0,11.8
IN,Indiana,2015,880.0,13.5
IN,Indiana,2014,948.0,14.6
IN,Indiana,2013,1.083,16.5
IN,Indiana,2012,964.0,15.2
IN,Indiana,2011,989.0,15.6
IN,Indiana,2010,1.041,16.3
IN,Indiana,2009,1.023,16.1
IN,Indiana,2008,901.0,14.3
IN,Indiana,2007,740.0,11.8
IN,Indiana,2006,674.0,10.6
IN,Indiana,2005,774.0,12.6
IN,Indiana,2004,712.0,11.6
IN,Indiana,2003,610.0,9.9
IN,Indiana,2002,552.0,9.1
IN,Indiana,2001,511.0,8.5
IN,Indiana,2000,513.0,8.5
IN,Indiana,1999,396.0,6.7
IN,Indiana,1998,547.0,9.4
IN,Indiana,1997,515.0,8.8
IN,Indiana,1996,428.0,7.5
IN,Indiana,1995,545.0,9.6
IN,Indiana,1994,816.0,13.7
IN,Indiana,1993,704.0,12.2
IN,Indiana,1992,661.0,11.8
IN,Indiana,1991,866.0,15.7
IN,Indiana,1990,714.0,13.0
IN,Indiana,1989,749.0,13.7
IN,Indiana,1988,560.0,10.1
IN,Indiana,1987,597.0,11.1
IN,Indiana,1986,674.0,12.7
IN,Indiana,1985,639.0,12.0
IN,Indiana,1984,697.0,12.9
IN,Indiana,1983,865.0,16.1
IN,Indiana,1982,683.0,12.6
IN,Indiana,1981,685.0,12.6
IN,Indiana,1980,645.0,11.8
IA,Iowa,2020,281.0,9.0
IA,Iowa,2019,298.0,9.5
IA,Iowa,2018,277.0,8.9
IA,Iowa,2017,230.0,7.5
IA,Iowa,2016,302.0,9.8
IA,Iowa,2015,321.0,10.4
IA,Iowa,2014,317.0,10.3
IA,Iowa,2013,405.0,13.2
IA,Iowa,2012,310.0,10.3
IA,Iowa,2011,315.0,10.4
IA,Iowa,2010,307.0,10.3
IA,Iowa,2009,319.0,10.7
IA,Iowa,2008,285.0,9.5
IA,Iowa,2007,264.0,8.9
IA,Iowa,2006,301.0,10.3
IA,Iowa,2005,327.0,11.3
IA,Iowa,2004,316.0,10.9
IA,Iowa,2003,260.0,8.9
IA,Iowa,2002,267.0,9.2
IA,Iowa,2001,212.0,7.4
IA,Iowa,2000,237.0,8.3
IA,Iowa,1999,210.0,7.4
IA,Iowa,1998,257.0,9.1
IA,Iowa,1997,270.0,9.6
IA,Iowa,1996,279.0,9.6
IA,Iowa,1995,352.0,12.2
IA,Iowa,1994,302.0,10.7
IA,Iowa,1993,290.0,10.3
IA,Iowa,1992,328.0,11.5
IA,Iowa,1991,271.0,9.6
IA,Iowa,1990,289.0,10.4
IA,Iowa,1989,291.0,10.3
IA,Iowa,1988,263.0,9.4
IA,Iowa,1987,419.0,14.5
IA,Iowa,1986,376.0,12.9
IA,Iowa,1985,505.0,17.9
IA,Iowa,1984,419.0,14.6
IA,Iowa,1983,473.0,16.7
IA,Iowa,1982,371.0,13.4
IA,Iowa,1981,368.0,13.1
IA,Iowa,1980,311.0,10.8
KS,Kansas,2020,260.0,9.1
KS,Kansas,2019,266.0,9.5
KS,Kansas,2018,212.0,7.5
KS,Kansas,2017,411.0,14.3
KS,Kansas,2016,321.0,11.2
KS,Kansas,2015,404.0,14.2
KS,Kansas,2014,345.0,12.1
KS,Kansas,2013,315.0,11.4
KS,Kansas,2012,397.0,14.0
KS,Kansas,2011,402.0,14.3
KS,Kansas,2010,400.0,14.5
KS,Kansas,2009,374.0,13.7
KS,Kansas,2008,346.0,12.7
KS,Kansas,2007,319.0,11.7
KS,Kansas,2006,349.0,12.8
KS,Kansas,2005,337.0,12.5
KS,Kansas,2004,304.0,11.4
KS,Kansas,2003,288.0,10.8
KS,Kansas,2002,269.0,10.1
KS,Kansas,2001,267.0,10.1
KS,Kansas,2000,213.0,8.0
KS,Kansas,1999,320.0,12.3
KS,Kansas,1998,250.0,9.6
KS,Kansas,1997,250.0,9.7
KS,Kansas,1996,287.0,11.2
KS,Kansas,1995,273.0,10.8
KS,Kansas,1994,375.0,14.9
KS,Kansas,1993,327.0,13.1
KS,Kansas,1992,279.0,11.1
KS,Kansas,1991,317.0,12.3
KS,Kansas,1990,259.0,10.3
KS,Kansas,1989,262.0,10.8
KS,Kansas,1988,195.0,8.1
KS,Kansas,1987,225.0,9.2
KS,Kansas,1986,269.0,11.1
KS,Kansas,1985,331.0,13.8
KS,Kansas,1984,260.0,10.7
KS,Kansas,1983,321.0,13.6
KS,Kansas,1982,247.0,10.4
KS,Kansas,1981,267.0,11.7
KS,Kansas,1980,215.0,9.4
KY,Kentucky,2020,615.0,13.9
KY,Kentucky,2019,599.0,13.6
KY,Kentucky,2018,696.0,15.7
KY,Kentucky,2017,591.0,13.5
KY,Kentucky,2016,667.0,15.2
KY,Kentucky,2015,851.0,19.5
KY,Kentucky,2014,861.0,20.0
KY,Kentucky,2013,991.0,22.0
KY,Kentucky,2012,776.0,17.9
KY,Kentucky,2011,689.0,16.0
KY,Kentucky,2010,754.0,17.7
KY,Kentucky,2009,727.0,17.0
KY,Kentucky,2008,724.0,17.1
KY,Kentucky,2007,653.0,15.5
KY,Kentucky,2006,690.0,16.8
KY,Kentucky,2005,599.0,14.8
KY,Kentucky,2004,723.0,17.8
KY,Kentucky,2003,589.0,14.4
KY,Kentucky,2002,571.0,14.2
KY,Kentucky,2001,503.0,12.6
KY,Kentucky,2000,502.0,12.6
KY,Kentucky,1999,467.0,12.1
KY,Kentucky,1998,521.0,13.5
KY,Kentucky,1997,623.0,15.9
KY,Kentucky,1996,658.0,17.0
KY,Kentucky,1995,572.0,14.7
KY,Kentucky,1994,710.0,18.5
KY,Kentucky,1993,763.0,20.4
KY,Kentucky,1992,731.0,19.7
KY,Kentucky,1991,683.0,18.8
KY,Kentucky,1990,628.0,17.3
KY,Kentucky,1989,576.0,16.1
KY,Kentucky,1988,634.0,17.6
KY,Kentucky,1987,634.0,17.3
KY,Kentucky,1986,630.0,17.7
KY,Kentucky,1985,708.0,19.4
KY,Kentucky,1984,709.0,19.1
KY,Kentucky,1983,670.0,17.9
KY,Kentucky,1982,587.0,16.2
KY,Kentucky,1981,708.0,19.3
KY,Kentucky,1980,701.0,19.3
LA,Louisiana,2020,701.0,15.4
LA,Louisiana,2019,816.0,17.9
LA,Louisiana,2018,858.0,19.0
LA,Louisiana,2017,931.0,20.5
LA,Louisiana,2016,923.0,20.2
LA,Louisiana,2015,854.0,18.6
LA,Louisiana,2014,1.049,23.1
LA,Louisiana,2013,963.0,21.2
LA,Louisiana,2012,944.0,21.1
LA,Louisiana,2011,947.0,21.1
LA,Louisiana,2010,949.0,21.5
LA,Louisiana,2009,636.0,14.3
LA,Louisiana,2008,788.0,18.2
LA,Louisiana,2007,673.0,16.1
LA,Louisiana,2006,713.0,17.0
LA,Louisiana,2005,748.0,18.3
LA,Louisiana,2004,744.0,16.8
LA,Louisiana,2003,750.0,17.0
LA,Louisiana,2002,777.0,17.5
LA,Louisiana,2001,709.0,16.2
LA,Louisiana,2000,750.0,17.2
LA,Louisiana,1999,823.0,19.2
LA,Louisiana,1998,821.0,19.1
LA,Louisiana,1997,691.0,16.3
LA,Louisiana,1996,873.0,20.5
LA,Louisiana,1995,849.0,19.7
LA,Louisiana,1994,1.117,25.7
LA,Louisiana,1993,1.119,26.4
LA,Louisiana,1992,1.043,24.5
LA,Louisiana,1991,795.0,19.0
LA,Louisiana,1990,952.0,23.6
LA,Louisiana,1989,950.0,23.3
LA,Louisiana,1988,968.0,22.8
LA,Louisiana,1987,1.071,25.1
LA,Louisiana,1986,953.0,22.0
LA,Louisiana,1985,781.0,18.1
LA,Louisiana,1984,888.0,20.6
LA,Louisiana,1983,939.0,21.5
LA,Louisiana,1982,976.0,22.7
LA,Louisiana,1981,938.0,22.0
LA,Louisiana,1980,868.0,20.3
ME,Maine,2020,108.0,8.0
ME,Maine,2019,140.0,10.4
ME,Maine,2018,153.0,11.6
ME,Maine,2017,163.0,12.4
ME,Maine,2016,167.0,12.7
ME,Maine,2015,165.0,12.3
ME,Maine,2014,190.0,14.6
ME,Maine,2013,151.0,11.4
ME,Maine,2012,170.0,12.8
ME,Maine,2011,178.0,13.4
ME,Maine,2010,164.0,12.6
ME,Maine,2009,148.0,11.4
ME,Maine,2008,158.0,12.0
ME,Maine,2007,142.0,10.9
ME,Maine,2006,134.0,10.2
ME,Maine,2005,166.0,12.6
ME,Maine,2004,149.0,11.6
ME,Maine,2003,149.0,11.6
ME,Maine,2002,170.0,13.4
ME,Maine,2001,132.0,10.3
ME,Maine,2000,128.0,10.1
ME,Maine,1999,134.0,10.6
ME,Maine,1998,131.0,10.4
ME,Maine,1997,124.0,10.1
ME,Maine,1996,135.0,11.2
ME,Maine,1995,138.0,11.2
ME,Maine,1994,113.0,9.4
ME,Maine,1993,196.0,15.4
ME,Maine,1992,167.0,13.5
ME,Maine,1991,171.0,14.1
ME,Maine,1990,162.0,13.1
ME,Maine,1989,128.0,10.4
ME,Maine,1988,159.0,13.2
ME,Maine,1987,134.0,11.7
ME,Maine,1986,115.0,10.2
ME,Maine,1985,134.0,11.9
ME,Maine,1984,152.0,13.0
ME,Maine,1983,144.0,12.4
ME,Maine,1982,156.0,13.7
ME,Maine,1981,179.0,16.0
ME,Maine,1980,158.0,14.6
MD,Maryland,2020,550.0,9.2
MD,Maryland,2019,424.0,7.0
MD,Maryland,2018,480.0,8.0
MD,Maryland,2017,451.0,7.6
MD,Maryland,2016,424.0,7.1
MD,Maryland,2015,566.0,9.6
MD,Maryland,2014,584.0,9.8
MD,Maryland,2013,623.0,10.5
MD,Maryland,2012,585.0,9.9
MD,Maryland,2011,537.0,9.3
MD,Maryland,2010,628.0,10.9
MD,Maryland,2009,543.0,9.6
MD,Maryland,2008,481.0,8.7
MD,Maryland,2007,491.0,8.8
MD,Maryland,2006,469.0,8.4
MD,Maryland,2005,542.0,9.7
MD,Maryland,2004,550.0,9.9
MD,Maryland,2003,472.0,8.6
MD,Maryland,2002,400.0,7.4
MD,Maryland,2001,385.0,7.2
MD,Maryland,2000,386.0,7.4
MD,Maryland,1999,367.0,7.3
MD,Maryland,1998,359.0,7.2
MD,Maryland,1997,422.0,8.4
MD,Maryland,1996,522.0,10.3
MD,Maryland,1995,520.0,10.1
MD,Maryland,1994,541.0,10.7
MD,Maryland,1993,479.0,9.7
MD,Maryland,1992,583.0,11.8
MD,Maryland,1991,432.0,9.1
MD,Maryland,1990,468.0,9.9
MD,Maryland,1989,411.0,9.0
MD,Maryland,1988,457.0,9.8
MD,Maryland,1987,420.0,9.2
MD,Maryland,1986,414.0,9.2
MD,Maryland,1985,364.0,8.7
MD,Maryland,1984,358.0,8.7
MD,Maryland,1983,358.0,8.7
MD,Maryland,1982,516.0,12.3
MD,Maryland,1981,442.0,10.7
MD,Maryland,1980,389.0,9.5
MA,Massachusetts,2020,571.0,8.4
MA,Massachusetts,2019,521.0,7.5
MA,Massachusetts,2018,601.0,8.7
MA,Massachusetts,2017,763.0,11.2
MA,Massachusetts,2016,649.0,9.6
MA,Massachusetts,2015,782.0,11.5
MA,Massachusetts,2014,902.0,13.6
MA,Massachusetts,2013,818.0,12.1
MA,Massachusetts,2012,743.0,11.3
MA,Massachusetts,2011,688.0,10.6
MA,Massachusetts,2010,711.0,10.9
MA,Massachusetts,2009,717.0,10.8
MA,Massachusetts,2008,727.0,11.3
MA,Massachusetts,2007,707.0,11.2
MA,Massachusetts,2006,758.0,12.0
MA,Massachusetts,2005,641.0,10.1
MA,Massachusetts,2004,594.0,9.3
MA,Massachusetts,2003,652.0,10.3
MA,Massachusetts,2002,648.0,10.0
MA,Massachusetts,2001,561.0,8.9
MA,Massachusetts,2000,618.0,9.8
MA,Massachusetts,1999,738.0,11.8
MA,Massachusetts,1998,528.0,8.7
MA,Massachusetts,1997,732.0,12.2
MA,Massachusetts,1996,622.0,10.1
MA,Massachusetts,1995,665.0,11.0
MA,Massachusetts,1994,585.0,9.7
MA,Massachusetts,1993,641.0,10.7
MA,Massachusetts,1992,600.0,10.3
MA,Massachusetts,1991,637.0,11.0
MA,Massachusetts,1990,626.0,10.7
MA,Massachusetts,1989,513.0,8.8
MA,Massachusetts,1988,497.0,8.5
MA,Massachusetts,1987,477.0,8.2
MA,Massachusetts,1986,538.0,9.2
MA,Massachusetts,1985,544.0,9.2
MA,Massachusetts,1984,519.0,8.9
MA,Massachusetts,1983,443.0,7.7
MA,Massachusetts,1982,590.0,10.3
MA,Massachusetts,1981,518.0,8.9
MA,Massachusetts,1980,542.0,9.5
MI,Michigan,2020,1.088,11.1
MI,Michigan,2019,1.007,10.2
MI,Michigan,2018,1.036,10.5
MI,Michigan,2017,1.135,11.5
MI,Michigan,2016,1.091,11.1
MI,Michigan,2015,1.259,12.8
MI,Michigan,2014,1.462,14.8
MI,Michigan,2013,1.277,12.7
MI,Michigan,2012,1.331,13.7
MI,Michigan,2011,1.449,15.0
MI,Michigan,2010,1.53,15.7
MI,Michigan,2009,1.376,14.0
MI,Michigan,2008,1.273,13.0
MI,Michigan,2007,1.076,10.8
MI,Michigan,2006,1.323,13.3
MI,Michigan,2005,1.196,12.0
MI,Michigan,2004,1.318,13.3
MI,Michigan,2003,1.125,11.4
MI,Michigan,2002,1.152,11.6
MI,Michigan,2001,927.0,9.4
MI,Michigan,2000,967.0,9.9
MI,Michigan,1999,978.0,9.7
MI,Michigan,1998,1.097,11.0
MI,Michigan,1997,1.006,10.3
MI,Michigan,1996,1.068,11.2
MI,Michigan,1995,1.174,12.2
MI,Michigan,1994,1.347,14.1
MI,Michigan,1993,1.475,15.4
MI,Michigan,1992,1.271,13.6
MI,Michigan,1991,1.308,14.1
MI,Michigan,1990,1.315,14.3
MI,Michigan,1989,1.228,13.2
MI,Michigan,1988,1.112,12.1
MI,Michigan,1987,1.095,12.2
MI,Michigan,1986,1.267,13.9
MI,Michigan,1985,1.308,14.5
MI,Michigan,1984,1.495,16.7
MI,Michigan,1983,1.518,16.8
MI,Michigan,1982,1.481,16.2
MI,Michigan,1981,1.184,13.0
MI,Michigan,1980,1.194,12.9
MN,Minnesota,2020,468.0,8.4
MN,Minnesota,2019,322.0,5.7
MN,Minnesota,2018,456.0,7.9
MN,Minnesota,2017,479.0,8.5
MN,Minnesota,2016,470.0,8.7
MN,Minnesota,2015,428.0,7.8
MN,Minnesota,2014,447.0,8.3
MN,Minnesota,2013,589.0,11.0
MN,Minnesota,2012,534.0,10.0
MN,Minnesota,2011,528.0,10.0
MN,Minnesota,2010,563.0,10.8
MN,Minnesota,2009,576.0,11.1
MN,Minnesota,2008,506.0,9.9
MN,Minnesota,2007,482.0,9.3
MN,Minnesota,2006,422.0,8.2
MN,Minnesota,2005,412.0,8.1
MN,Minnesota,2004,356.0,7.0
MN,Minnesota,2003,376.0,7.4
MN,Minnesota,2002,325.0,6.5
MN,Minnesota,2001,361.0,7.4
MN,Minnesota,2000,276.0,5.7
MN,Minnesota,1999,354.0,7.3
MN,Minnesota,1998,498.0,10.3
MN,Minnesota,1997,457.0,9.6
MN,Minnesota,1996,458.0,9.8
MN,Minnesota,1995,427.0,9.2
MN,Minnesota,1994,523.0,11.7
MN,Minnesota,1993,506.0,11.6
MN,Minnesota,1992,561.0,13.0
MN,Minnesota,1991,564.0,12.9
MN,Minnesota,1990,524.0,12.0
MN,Minnesota,1989,478.0,11.2
MN,Minnesota,1988,514.0,11.6
MN,Minnesota,1987,484.0,11.3
MN,Minnesota,1986,517.0,12.5
MN,Minnesota,1985,523.0,12.6
MN,Minnesota,1984,381.0,9.1
MN,Minnesota,1983,502.0,12.1
MN,Minnesota,1982,546.0,13.3
MN,Minnesota,1981,438.0,10.9
MN,Minnesota,1980,342.0,8.7
MS,Mississippi,2020,514.0,17.5
MS,Mississippi,2019,560.0,19.2
MS,Mississippi,2018,567.0,19.6
MS,Mississippi,2017,544.0,18.5
MS,Mississippi,2016,622.0,21.1
MS,Mississippi,2015,563.0,19.1
MS,Mississippi,2014,654.0,22.1
MS,Mississippi,2013,554.0,19.1
MS,Mississippi,2012,636.0,22.0
MS,Mississippi,2011,510.0,17.4
MS,Mississippi,2010,658.0,22.5
MS,Mississippi,2009,658.0,23.1
MS,Mississippi,2008,525.0,18.1
MS,Mississippi,2007,655.0,22.6
MS,Mississippi,2006,596.0,20.6
MS,Mississippi,2005,571.0,20.1
MS,Mississippi,2004,536.0,18.7
MS,Mississippi,2003,456.0,16.0
MS,Mississippi,2002,513.0,18.4
MS,Mississippi,2001,539.0,19.3
MS,Mississippi,2000,418.0,14.9
MS,Mississippi,1999,446.0,16.2
MS,Mississippi,1998,486.0,17.6
MS,Mississippi,1997,455.0,16.7
MS,Mississippi,1996,575.0,20.6
MS,Mississippi,1995,630.0,23.5
MS,Mississippi,1994,515.0,19.9
MS,Mississippi,1993,639.0,24.7
MS,Mississippi,1992,671.0,24.6
MS,Mississippi,1991,635.0,23.7
MS,Mississippi,1990,684.0,25.7
MS,Mississippi,1989,566.0,22.0
MS,Mississippi,1988,704.0,27.2
MS,Mississippi,1987,637.0,25.0
MS,Mississippi,1986,695.0,26.6
MS,Mississippi,1985,644.0,25.1
MS,Mississippi,1984,628.0,25.1
MS,Mississippi,1983,669.0,27.0
MS,Mississippi,1982,562.0,22.9
MS,Mississippi,1981,618.0,25.7
MS,Mississippi,1980,591.0,24.3
MO,Missouri,2020,641.0,10.6
MO,Missouri,2019,568.0,9.4
MO,Missouri,2018,745.0,12.4
MO,Missouri,2017,683.0,11.4
MO,Missouri,2016,762.0,13.0
MO,Missouri,2015,582.0,9.8
MO,Missouri,2014,620.0,10.4
MO,Missouri,2013,1.041,17.5
MO,Missouri,2012,905.0,15.2
MO,Missouri,2011,910.0,15.4
MO,Missouri,2010,890.0,15.0
MO,Missouri,2009,926.0,15.5
MO,Missouri,2008,780.0,13.3
MO,Missouri,2007,742.0,12.8
MO,Missouri,2006,659.0,11.4
MO,Missouri,2005,659.0,11.6
MO,Missouri,2004,686.0,12.2
MO,Missouri,2003,602.0,10.7
MO,Missouri,2002,551.0,9.9
MO,Missouri,2001,537.0,9.7
MO,Missouri,2000,505.0,9.2
MO,Missouri,1999,647.0,11.7
MO,Missouri,1998,531.0,9.8
MO,Missouri,1997,627.0,11.8
MO,Missouri,1996,500.0,9.5
MO,Missouri,1995,484.0,9.4
MO,Missouri,1994,797.0,15.6
MO,Missouri,1993,832.0,16.1
MO,Missouri,1992,795.0,15.7
MO,Missouri,1991,740.0,14.8
MO,Missouri,1990,700.0,13.4
MO,Missouri,1989,654.0,12.6
MO,Missouri,1988,662.0,12.7
MO,Missouri,1987,716.0,14.0
MO,Missouri,1986,722.0,14.4
MO,Missouri,1985,689.0,13.7
MO,Missouri,1984,720.0,14.5
MO,Missouri,1983,807.0,16.7
MO,Missouri,1982,699.0,14.6
MO,Missouri,1981,634.0,13.2
MO,Missouri,1980,625.0,13.0
MT,Montana,2020,118.0,11.0
MT,Montana,2019,102.0,9.7
MT,Montana,2018,107.0,10.3
MT,Montana,2017,107.0,10.3
MT,Montana,2016,121.0,11.7
MT,Montana,2015,121.0,11.9
MT,Montana,2014,121.0,12.0
MT,Montana,2013,103.0,10.5
MT,Montana,2012,134.0,13.4
MT,Montana,2011,163.0,16.5
MT,Montana,2010,142.0,14.5
MT,Montana,2009,131.0,13.5
MT,Montana,2008,125.0,12.9
MT,Montana,2007,122.0,13.0
MT,Montana,2006,125.0,13.5
MT,Montana,2005,128.0,13.8
MT,Montana,2004,129.0,14.2
MT,Montana,2003,139.0,15.1
MT,Montana,2002,122.0,13.5
MT,Montana,2001,119.0,13.3
MT,Montana,2000,126.0,14.1
MT,Montana,1999,141.0,15.8
MT,Montana,1998,153.0,16.6
MT,Montana,1997,139.0,15.6
MT,Montana,1996,155.0,17.0
MT,Montana,1995,133.0,15.3
MT,Montana,1994,97.0,11.5
MT,Montana,1993,127.0,14.9
MT,Montana,1992,118.0,13.8
MT,Montana,1991,127.0,15.4
MT,Montana,1990,134.0,16.3
MT,Montana,1989,127.0,15.6
MT,Montana,1988,116.0,14.6
MT,Montana,1987,144.0,18.0
MT,Montana,1986,136.0,16.5
MT,Montana,1985,134.0,16.0
MT,Montana,1984,115.0,13.8
MT,Montana,1983,125.0,15.4
MT,Montana,1982,134.0,17.0
MT,Montana,1981,107.0,13.1
MT,Montana,1980,102.0,13.2
NE,Nebraska,2020,160.0,8.3
NE,Nebraska,2019,165.0,8.7
NE,Nebraska,2018,199.0,10.5
NE,Nebraska,2017,216.0,11.5
NE,Nebraska,2016,179.0,9.6
NE,Nebraska,2015,192.0,10.3
NE,Nebraska,2014,221.0,11.8
NE,Nebraska,2013,196.0,10.5
NE,Nebraska,2012,226.0,12.2
NE,Nebraska,2011,187.0,10.2
NE,Nebraska,2010,184.0,10.2
NE,Nebraska,2009,176.0,9.9
NE,Nebraska,2008,188.0,10.6
NE,Nebraska,2007,174.0,9.9
NE,Nebraska,2006,180.0,10.2
NE,Nebraska,2005,167.0,9.5
NE,Nebraska,2004,163.0,9.5
NE,Nebraska,2003,168.0,9.8
NE,Nebraska,2002,181.0,10.6
NE,Nebraska,2001,158.0,9.4
NE,Nebraska,2000,145.0,8.6
NE,Nebraska,1999,184.0,11.0
NE,Nebraska,1998,211.0,12.3
NE,Nebraska,1997,163.0,9.8
NE,Nebraska,1996,169.0,10.2
NE,Nebraska,1995,159.0,9.6
NE,Nebraska,1994,146.0,8.8
NE,Nebraska,1993,169.0,10.3
NE,Nebraska,1992,169.0,10.6
NE,Nebraska,1991,157.0,9.5
NE,Nebraska,1990,167.0,10.3
NE,Nebraska,1989,204.0,12.8
NE,Nebraska,1988,164.0,10.3
NE,Nebraska,1987,191.0,11.9
NE,Nebraska,1986,220.0,13.6
NE,Nebraska,1985,235.0,14.8
NE,Nebraska,1984,213.0,13.3
NE,Nebraska,1983,240.0,15.2
NE,Nebraska,1982,216.0,13.6
NE,Nebraska,1981,221.0,14.0
NE,Nebraska,1980,199.0,13.0
NV,Nevada,2020,407.0,12.9
NV,Nevada,2019,323.0,10.4
NV,Nevada,2018,390.0,13.0
NV,Nevada,2017,392.0,13.2
NV,Nevada,2016,298.0,10.1
NV,Nevada,2015,371.0,13.0
NV,Nevada,2014,478.0,17.0
NV,Nevada,2013,401.0,14.5
NV,Nevada,2012,433.0,15.8
NV,Nevada,2011,414.0,15.5
NV,Nevada,2010,446.0,16.6
NV,Nevada,2009,343.0,13.0
NV,Nevada,2008,278.0,10.8
NV,Nevada,2007,250.0,9.7
NV,Nevada,2006,241.0,9.5
NV,Nevada,2005,260.0,10.6
NV,Nevada,2004,260.0,10.9
NV,Nevada,2003,244.0,10.9
NV,Nevada,2002,188.0,8.9
NV,Nevada,2001,152.0,7.1
NV,Nevada,2000,180.0,8.8
NV,Nevada,1999,229.0,11.3
NV,Nevada,1998,195.0,10.6
NV,Nevada,1997,190.0,11.0
NV,Nevada,1996,133.0,8.1
NV,Nevada,1995,173.0,11.1
NV,Nevada,1994,168.0,11.1
NV,Nevada,1993,141.0,9.8
NV,Nevada,1992,199.0,14.7
NV,Nevada,1991,141.0,11.4
NV,Nevada,1990,119.0,9.8
NV,Nevada,1989,121.0,10.8
NV,Nevada,1988,93.0,8.6
NV,Nevada,1987,107.0,10.4
NV,Nevada,1986,82.0,8.1
NV,Nevada,1985,139.0,14.4
NV,Nevada,1984,101.0,10.5
NV,Nevada,1983,86.0,9.7
NV,Nevada,1982,70.0,7.8
NV,Nevada,1981,93.0,10.5
NV,Nevada,1980,70.0,8.3
NJ,New Jersey,2020,712.0,8.2
NJ,New Jersey,2019,554.0,6.3
NJ,New Jersey,2018,725.0,8.2
NJ,New Jersey,2017,894.0,9.9
NJ,New Jersey,2016,828.0,9.4
NJ,New Jersey,2015,1.004,11.2
NJ,New Jersey,2014,1.013,11.3
NJ,New Jersey,2013,861.0,9.9
NJ,New Jersey,2012,814.0,9.3
NJ,New Jersey,2011,988.0,11.4
NJ,New Jersey,2010,966.0,11.1
NJ,New Jersey,2009,806.0,9.3
NJ,New Jersey,2008,787.0,9.2
NJ,New Jersey,2007,742.0,8.7
NJ,New Jersey,2006,762.0,8.8
NJ,New Jersey,2005,592.0,6.8
NJ,New Jersey,2004,693.0,8.0
NJ,New Jersey,2003,741.0,8.6
NJ,New Jersey,2002,681.0,7.9
NJ,New Jersey,2001,683.0,8.1
NJ,New Jersey,2000,612.0,7.3
NJ,New Jersey,1999,646.0,7.8
NJ,New Jersey,1998,693.0,8.6
NJ,New Jersey,1997,737.0,9.3
NJ,New Jersey,1996,726.0,9.2
NJ,New Jersey,1995,617.0,7.8
NJ,New Jersey,1994,730.0,9.2
NJ,New Jersey,1993,866.0,10.9
NJ,New Jersey,1992,803.0,10.3
NJ,New Jersey,1991,754.0,9.7
NJ,New Jersey,1990,711.0,9.2
NJ,New Jersey,1989,622.0,8.2
NJ,New Jersey,1988,475.0,6.2
NJ,New Jersey,1987,626.0,8.3
NJ,New Jersey,1986,679.0,8.9
NJ,New Jersey,1985,631.0,8.3
NJ,New Jersey,1984,758.0,10.1
NJ,New Jersey,1983,828.0,11.1
NJ,New Jersey,1982,896.0,12.2
NJ,New Jersey,1981,736.0,10.0
NJ,New Jersey,1980,659.0,9.0
NY,New York,2020,2.221,11.8
NY,New York,2019,2.382,12.5
NY,New York,2018,2.145,11.1
NY,New York,2017,2.51,12.7
NY,New York,2016,2.314,11.9
NY,New York,2015,2.791,14.2
NY,New York,2014,2.755,14.0
NY,New York,2013,3.337,17.3
NY,New York,2012,3.328,17.2
NY,New York,2011,3.085,16.0
NY,New York,2010,3.062,16.0
NY,New York,2009,3.018,15.8
NY,New York,2008,2.734,14.2
NY,New York,2007,2.757,14.5
NY,New York,2006,2.668,14.0
NY,New York,2005,2.76,14.5
NY,New York,2004,2.847,15.0
NY,New York,2003,2.707,14.3
NY,New York,2002,2.69,14.0
NY,New York,2001,2.664,14.2
NY,New York,2000,2.604,13.9
NY,New York,1999,2.676,14.2
NY,New York,1998,3.068,16.7
NY,New York,1997,2.979,16.5
NY,New York,1996,3.058,16.7
NY,New York,1995,3.02,16.5
NY,New York,1994,3.097,17.0
NY,New York,1993,2.981,16.4
NY,New York,1992,2.82,15.7
NY,New York,1991,2.736,15.3
NY,New York,1990,2.571,14.3
NY,New York,1989,2.254,12.6
NY,New York,1988,2.369,13.4
NY,New York,1987,2.506,14.3
NY,New York,1986,2.322,13.2
NY,New York,1985,2.796,15.8
NY,New York,1984,2.806,16.0
NY,New York,1983,2.817,16.0
NY,New York,1982,2.607,14.8
NY,New York,1981,2.516,14.4
NY,New York,1980,2.391,13.8
NH,New Hampshire,2020,85.0,6.2
NH,New Hampshire,2019,49.0,3.7
NH,New Hampshire,2018,82.0,6.1
NH,New Hampshire,2017,95.0,7.2
NH,New Hampshire,2016,84.0,6.4
NH,New Hampshire,2015,94.0,7.3
NH,New Hampshire,2014,95.0,7.2
NH,New Hampshire,2013,71.0,5.5
NH,New Hampshire,2012,106.0,8.1
NH,New Hampshire,2011,99.0,7.6
NH,New Hampshire,2010,84.0,6.5
NH,New Hampshire,2009,103.0,7.8
NH,New Hampshire,2008,91.0,7.0
NH,New Hampshire,2007,76.0,5.8
NH,New Hampshire,2006,71.0,5.4
NH,New Hampshire,2005,73.0,5.6
NH,New Hampshire,2004,71.0,5.5
NH,New Hampshire,2003,73.0,5.8
NH,New Hampshire,2002,73.0,5.8
NH,New Hampshire,2001,81.0,6.5
NH,New Hampshire,2000,56.0,4.5
NH,New Hampshire,1999,96.0,7.6
NH,New Hampshire,1998,119.0,9.8
NH,New Hampshire,1997,109.0,9.1
NH,New Hampshire,1996,73.0,6.4
NH,New Hampshire,1995,60.0,5.3
NH,New Hampshire,1994,87.0,7.7
NH,New Hampshire,1993,112.0,9.9
NH,New Hampshire,1992,97.0,8.7
NH,New Hampshire,1991,81.0,7.3
NH,New Hampshire,1990,68.0,6.3
NH,New Hampshire,1989,84.0,7.7
NH,New Hampshire,1988,73.0,6.7
NH,New Hampshire,1987,51.0,4.8
NH,New Hampshire,1986,37.0,3.7
NH,New Hampshire,1985,59.0,6.0
NH,New Hampshire,1984,68.0,7.1
NH,New Hampshire,1983,76.0,8.1
NH,New Hampshire,1982,97.0,10.3
NH,New Hampshire,1981,70.0,7.6
NH,New Hampshire,1980,63.0,7.0
,New Mexico,2020,340.0,16.5
,New Mexico,2019,315.0,15.3
,New Mexico,2018,342.0,16.6
,New Mexico,2017,402.0,19.7
,New Mexico,2016,364.0,17.8
,New Mexico,2015,400.0,19.7
,New Mexico,2014,406.0,20.0
,New Mexico,2013,535.0,25.8
,New Mexico,2012,420.0,20.4
,New Mexico,2011,451.0,22.2
,New Mexico,2010,372.0,18.3
,New Mexico,2009,381.0,19.3
,New Mexico,2008,381.0,19.3
,New Mexico,2007,271.0,14.0
,New Mexico,2006,328.0,16.9
,New Mexico,2005,347.0,17.9
,New Mexico,2004,314.0,16.5
,New Mexico,2003,338.0,18.1
,New Mexico,2002,328.0,17.9
,New Mexico,2001,323.0,18.0
,New Mexico,2000,312.0,17.5
,New Mexico,1999,383.0,20.9
,New Mexico,1998,371.0,20.4
,New Mexico,1997,387.0,21.2
,New Mexico,1996,472.0,25.5
,New Mexico,1995,457.0,25.3
,New Mexico,1994,356.0,21.1
,New Mexico,1993,282.0,17.4
,New Mexico,1992,348.0,21.6
,New Mexico,1991,349.0,22.4
,New Mexico,1990,319.0,20.9
,New Mexico,1989,297.0,19.5
,New Mexico,1988,343.0,23.0
,New Mexico,1987,280.0,19.4
,New Mexico,1986,306.0,21.3
,New Mexico,1985,267.0,18.5
,New Mexico,1984,280.0,19.5
,New Mexico,1983,340.0,24.5
,New Mexico,1982,303.0,22.4
,New Mexico,1981,243.0,18.6
,New Mexico,1980,268.0,20.6
OH,Ohio,2020,1.473,12.7
OH,Ohio,2019,1.424,12.4
OH,Ohio,2018,1.365,11.9
OH,Ohio,2017,1.479,12.9
OH,Ohio,2016,1.573,13.7
OH,Ohio,2015,1.55,13.6
OH,Ohio,2014,1.792,15.6
OH,Ohio,2013,1.684,14.9
OH,Ohio,2012,1.751,15.4
OH,Ohio,2011,1.708,15.1
OH,Ohio,2010,1.746,15.4
OH,Ohio,2009,1.526,13.3
OH,Ohio,2008,1.557,13.7
OH,Ohio,2007,1.446,12.8
OH,Ohio,2006,1.371,12.1
OH,Ohio,2005,1.392,12.3
OH,Ohio,2004,1.304,11.6
OH,Ohio,2003,1.226,10.9
OH,Ohio,2002,1.099,9.8
OH,Ohio,2001,1.174,10.5
OH,Ohio,2000,1.117,10.0
OH,Ohio,1999,1.343,12.0
OH,Ohio,1998,1.253,11.2
OH,Ohio,1997,1.231,11.0
OH,Ohio,1996,1.424,12.7
OH,Ohio,1995,1.285,11.5
OH,Ohio,1994,1.571,14.1
OH,Ohio,1993,1.461,13.0
OH,Ohio,1992,1.398,12.5
OH,Ohio,1991,1.488,13.4
OH,Ohio,1990,1.256,11.5
OH,Ohio,1989,1.143,10.6
OH,Ohio,1988,1.356,12.4
OH,Ohio,1987,1.375,12.7
OH,Ohio,1986,1.372,12.8
OH,Ohio,1985,1.359,12.8
OH,Ohio,1984,1.429,13.5
OH,Ohio,1983,1.434,13.4
OH,Ohio,1982,1.366,12.8
OH,Ohio,1981,1.369,12.7
OH,Ohio,1980,1.046,9.8
OK,Oklahoma,2020,604.0,15.5
OK,Oklahoma,2019,422.0,10.8
OK,Oklahoma,2018,518.0,13.4
OK,Oklahoma,2017,490.0,12.8
OK,Oklahoma,2016,571.0,14.6
OK,Oklahoma,2015,551.0,14.2
OK,Oklahoma,2014,647.0,17.3
OK,Oklahoma,2013,785.0,21.2
OK,Oklahoma,2012,668.0,18.0
OK,Oklahoma,2011,522.0,13.9
OK,Oklahoma,2010,603.0,16.3
OK,Oklahoma,2009,468.0,12.9
OK,Oklahoma,2008,484.0,13.6
OK,Oklahoma,2007,476.0,13.4
OK,Oklahoma,2006,531.0,15.2
OK,Oklahoma,2005,543.0,15.6
OK,Oklahoma,2004,373.0,10.8
OK,Oklahoma,2003,440.0,12.8
OK,Oklahoma,2002,489.0,14.1
OK,Oklahoma,2001,508.0,15.1
OK,Oklahoma,2000,503.0,14.9
OK,Oklahoma,1999,424.0,12.8
OK,Oklahoma,1998,458.0,14.1
OK,Oklahoma,1997,456.0,13.7
OK,Oklahoma,1996,556.0,16.6
OK,Oklahoma,1995,548.0,17.1
OK,Oklahoma,1994,540.0,16.7
OK,Oklahoma,1993,662.0,19.9
OK,Oklahoma,1992,607.0,18.6
OK,Oklahoma,1991,541.0,17.0
OK,Oklahoma,1990,481.0,15.6
OK,Oklahoma,1989,460.0,14.7
OK,Oklahoma,1988,543.0,17.3
OK,Oklahoma,1987,547.0,17.0
OK,Oklahoma,1986,469.0,14.7
OK,Oklahoma,1985,526.0,16.0
OK,Oklahoma,1984,426.0,13.3
OK,Oklahoma,1983,553.0,17.0
OK,Oklahoma,1982,478.0,15.4
OK,Oklahoma,1981,413.0,13.8
OK,Oklahoma,1980,406.0,13.9
OR,Oregon,2020,389.0,9.4
OR,Oregon,2019,336.0,8.1
OR,Oregon,2018,404.0,9.7
OR,Oregon,2017,482.0,11.5
OR,Oregon,2016,486.0,11.8
OR,Oregon,2015,478.0,11.9
OR,Oregon,2014,570.0,14.4
OR,Oregon,2013,556.0,14.0
OR,Oregon,2012,523.0,13.5
OR,Oregon,2011,553.0,14.4
OR,Oregon,2010,537.0,14.3
OR,Oregon,2009,510.0,13.4
OR,Oregon,2008,403.0,10.6
OR,Oregon,2007,481.0,12.8
OR,Oregon,2006,439.0,11.8
OR,Oregon,2005,436.0,12.0
OR,Oregon,2004,421.0,11.8
OR,Oregon,2003,446.0,12.5
OR,Oregon,2002,380.0,10.9
OR,Oregon,2001,408.0,11.8
OR,Oregon,2000,371.0,10.9
OR,Oregon,1999,432.0,12.6
OR,Oregon,1998,503.0,15.0
OR,Oregon,1997,382.0,11.6
OR,Oregon,1996,382.0,11.8
OR,Oregon,1995,360.0,11.2
OR,Oregon,1994,373.0,11.8
OR,Oregon,1993,363.0,11.8
OR,Oregon,1992,346.0,11.4
OR,Oregon,1991,401.0,13.5
OR,Oregon,1990,267.0,9.2
OR,Oregon,1989,327.0,11.2
OR,Oregon,1988,285.0,10.4
OR,Oregon,1987,384.0,14.2
OR,Oregon,1986,332.0,12.3
OR,Oregon,1985,317.0,11.9
OR,Oregon,1984,331.0,12.8
OR,Oregon,1983,419.0,16.1
OR,Oregon,1982,354.0,13.9
OR,Oregon,1981,331.0,12.3
OR,Oregon,1980,309.0,11.5
,,2020,1.327,10.6
,,2019,1.092,8.7
,,2018,1.476,11.8
,,2017,1.373,10.9
,,2016,1.396,11.1
,,2015,1.542,12.3
,,2014,1.581,12.5
,,2013,1.432,11.2
,,2012,1.756,13.9
,,2011,1.604,12.6
,,2010,1.535,12.2
,,2009,1.376,11.1
,,2008,1.335,11.0
,,2007,1.273,10.4
,,2006,1.397,11.3
,,2005,1.372,11.2
,,2004,1.383,11.4
,,2003,1.279,10.5
,,2002,1.152,9.5
,,2001,1.158,9.6
,,2000,1.033,8.6
,,1999,1.117,9.3
,,1998,1.338,11.3
,,1997,1.337,11.2
,,1996,1.374,11.6
,,1995,1.464,12.2
,,1994,1.496,12.5
,,1993,1.598,13.2
,,1992,1.425,11.9
,,1991,1.34,11.0
,,1990,1.328,11.0
,,1989,1.261,10.4
,,1988,1.246,10.3
,,1987,1.249,10.6
,,1986,1.19,10.1
,,1985,1.217,10.5
,,1984,1.825,15.6
,,1983,1.797,15.4
,,1982,1.572,13.5
,,1981,1.367,11.6
,,1980,1.142,9.8
RI,Rhode Island,2020,89.0,8.5
RI,Rhode Island,2019,96.0,9.2
RI,Rhode Island,2018,92.0,8.9
RI,Rhode Island,2017,118.0,11.3
RI,Rhode Island,2016,119.0,11.4
RI,Rhode Island,2015,123.0,11.8
RI,Rhode Island,2014,119.0,11.3
RI,Rhode Island,2013,96.0,9.3
RI,Rhode Island,2012,141.0,13.6
RI,Rhode Island,2011,139.0,13.4
RI,Rhode Island,2010,146.0,14.0
RI,Rhode Island,2009,134.0,13.0
RI,Rhode Island,2008,132.0,12.7
RI,Rhode Island,2007,99.0,9.5
RI,Rhode Island,2006,110.0,10.5
RI,Rhode Island,2005,127.0,12.1
RI,Rhode Island,2004,122.0,11.5
RI,Rhode Island,2003,121.0,11.5
RI,Rhode Island,2002,116.0,11.0
RI,Rhode Island,2001,100.0,9.6
RI,Rhode Island,2000,106.0,10.2
RI,Rhode Island,1999,103.0,10.0
RI,Rhode Island,1998,112.0,11.6
RI,Rhode Island,1997,120.0,12.7
RI,Rhode Island,1996,104.0,11.0
RI,Rhode Island,1995,102.0,10.6
RI,Rhode Island,1994,99.0,10.3
RI,Rhode Island,1993,108.0,11.2
RI,Rhode Island,1992,119.0,12.4
RI,Rhode Island,1991,99.0,10.4
RI,Rhode Island,1990,71.0,7.5
RI,Rhode Island,1989,64.0,6.7
RI,Rhode Island,1988,99.0,9.8
RI,Rhode Island,1987,79.0,8.1
RI,Rhode Island,1986,87.0,9.1
RI,Rhode Island,1985,84.0,9.0
RI,Rhode Island,1984,121.0,12.8
RI,Rhode Island,1983,141.0,14.5
RI,Rhode Island,1982,125.0,13.3
RI,Rhode Island,1981,109.0,11.7
RI,Rhode Island,1980,97.0,10.7
TN,Tennessee,2020,907.0,13.2
TN,Tennessee,2019,879.0,13.1
TN,Tennessee,2018,800.0,12.0
TN,Tennessee,2017,759.0,11.3
TN,Tennessee,2016,988.0,14.9
TN,Tennessee,2015,973.0,14.7
TN,Tennessee,2014,1.122,17.3
TN,Tennessee,2013,972.0,15.5
TN,Tennessee,2012,1.194,18.6
TN,Tennessee,2011,1.03,16.3
TN,Tennessee,2010,1.052,16.7
TN,Tennessee,2009,1.031,16.5
TN,Tennessee,2008,924.0,15.0
TN,Tennessee,2007,906.0,14.8
TN,Tennessee,2006,879.0,14.9
TN,Tennessee,2005,872.0,14.9
TN,Tennessee,2004,932.0,15.9
TN,Tennessee,2003,829.0,14.0
TN,Tennessee,2002,839.0,14.8
TN,Tennessee,2001,802.0,14.1
TN,Tennessee,2000,759.0,13.5
TN,Tennessee,1999,662.0,11.9
TN,Tennessee,1998,749.0,13.4
TN,Tennessee,1997,791.0,14.3
TN,Tennessee,1996,878.0,15.9
TN,Tennessee,1995,846.0,15.5
TN,Tennessee,1994,779.0,14.6
TN,Tennessee,1993,998.0,19.6
TN,Tennessee,1992,858.0,17.0
TN,Tennessee,1991,744.0,15.5
TN,Tennessee,1990,833.0,16.9
TN,Tennessee,1989,891.0,18.4
TN,Tennessee,1988,883.0,18.0
TN,Tennessee,1987,792.0,16.9
TN,Tennessee,1986,853.0,18.3
TN,Tennessee,1985,837.0,18.1
TN,Tennessee,1984,800.0,17.4
TN,Tennessee,1983,933.0,20.0
TN,Tennessee,1982,1.106,23.6
TN,Tennessee,1981,943.0,20.9
TN,Tennessee,1980,884.0,19.6
TX,Texas,2020,4.061,14.0
TX,Texas,2019,3.174,11.1
TX,Texas,2018,3.894,13.7
TX,Texas,2017,3.715,13.2
TX,Texas,2016,3.812,13.8
TX,Texas,2015,4.036,14.7
TX,Texas,2014,4.364,16.4
TX,Texas,2013,4.422,16.9
TX,Texas,2012,4.444,17.0
TX,Texas,2011,4.458,17.4
TX,Texas,2010,4.633,18.4
TX,Texas,2009,4.262,17.3
TX,Texas,2008,3.834,15.9
TX,Texas,2007,3.903,16.5
TX,Texas,2006,3.816,16.4
TX,Texas,2005,3.681,16.2
TX,Texas,2004,3.669,16.5
TX,Texas,2003,3.705,17.0
TX,Texas,2002,3.362,15.6
TX,Texas,2001,3.129,14.9
TX,Texas,2000,3.204,15.5
TX,Texas,1999,3.072,15.2
TX,Texas,1998,2.994,15.1
TX,Texas,1997,3.297,16.7
TX,Texas,1996,3.18,16.6
TX,Texas,1995,3.27,17.4
TX,Texas,1994,3.603,19.1
TX,Texas,1993,3.177,17.4
TX,Texas,1992,3.282,18.3
TX,Texas,1991,2.965,17.5
TX,Texas,1990,2.684,15.9
TX,Texas,1989,2.88,17.1
TX,Texas,1988,3.006,18.0
TX,Texas,1987,2.917,17.6
TX,Texas,1986,2.825,17.3
TX,Texas,1985,2.582,15.9
TX,Texas,1984,2.448,15.7
TX,Texas,1983,2.499,16.0
TX,Texas,1982,2.45,16.2
TX,Texas,1981,2.258,15.4
TX,Texas,1980,2.247,15.7
UT,Utah,2020,239.0,7.4
UT,Utah,2019,236.0,7.3
UT,Utah,2018,219.0,6.9
UT,Utah,2017,272.0,8.7
UT,Utah,2016,264.0,8.6
UT,Utah,2015,279.0,9.3
UT,Utah,2014,298.0,10.2
UT,Utah,2013,357.0,12.2
UT,Utah,2012,312.0,11.0
UT,Utah,2011,309.0,11.0
UT,Utah,2010,278.0,10.0
UT,Utah,2009,270.0,9.7
UT,Utah,2008,209.0,7.6
UT,Utah,2007,255.0,9.6
UT,Utah,2006,235.0,9.3
UT,Utah,2005,232.0,9.2
UT,Utah,2004,241.0,10.1
UT,Utah,2003,213.0,9.1
UT,Utah,2002,228.0,9.9
UT,Utah,2001,238.0,10.5
UT,Utah,2000,170.0,7.6
UT,Utah,1999,126.0,5.7
UT,Utah,1998,190.0,9.0
UT,Utah,1997,185.0,8.9
UT,Utah,1996,153.0,7.7
UT,Utah,1995,168.0,8.4
UT,Utah,1994,154.0,8.0
UT,Utah,1993,203.0,10.7
UT,Utah,1992,172.0,9.4
UT,Utah,1991,222.0,12.9
UT,Utah,1990,143.0,8.2
UT,Utah,1989,138.0,8.2
UT,Utah,1988,162.0,9.8
UT,Utah,1987,173.0,10.2
UT,Utah,1986,209.0,12.6
UT,Utah,1985,180.0,10.9
UT,Utah,1984,183.0,11.1
UT,Utah,1983,214.0,13.5
UT,Utah,1982,229.0,14.5
UT,Utah,1981,185.0,12.2
UT,Utah,1980,148.0,10.0
VT,Vermont,2020,53.0,8.6
VT,Vermont,2019,53.0,8.6
VT,Vermont,2018,60.0,9.7
VT,Vermont,2017,53.0,8.6
VT,Vermont,2016,60.0,9.6
VT,Vermont,2015,65.0,10.7
VT,Vermont,2014,57.0,9.3
VT,Vermont,2013,43.0,6.8
VT,Vermont,2012,69.0,11.2
VT,Vermont,2011,71.0,11.6
VT,Vermont,2010,67.0,10.8
VT,Vermont,2009,58.0,9.4
VT,Vermont,2008,55.0,9.0
VT,Vermont,2007,61.0,9.9
VT,Vermont,2006,48.0,7.8
VT,Vermont,2005,47.0,7.6
VT,Vermont,2004,48.0,7.8
VT,Vermont,2003,52.0,8.5
VT,Vermont,2002,61.0,9.9
VT,Vermont,2001,59.0,9.7
VT,Vermont,2000,60.0,10.0
VT,Vermont,1999,58.0,9.6
VT,Vermont,1998,58.0,9.9
VT,Vermont,1997,54.0,9.3
VT,Vermont,1996,74.0,12.6
VT,Vermont,1995,61.0,10.3
VT,Vermont,1994,45.0,7.6
VT,Vermont,1993,59.0,10.0
VT,Vermont,1992,61.0,10.5
VT,Vermont,1991,73.0,12.6
VT,Vermont,1990,61.0,10.9
VT,Vermont,1989,44.0,8.0
VT,Vermont,1988,43.0,8.1
VT,Vermont,1987,50.0,9.3
VT,Vermont,1986,58.0,11.0
VT,Vermont,1985,48.0,9.2
VT,Vermont,1984,65.0,12.6
VT,Vermont,1983,83.0,15.6
VT,Vermont,1982,67.0,12.9
VT,Vermont,1981,66.0,12.3
VT,Vermont,1980,62.0,12.0
VA,Virginia,2020,658.0,7.8
VA,Virginia,2019,737.0,8.8
VA,Virginia,2018,821.0,9.8
VA,Virginia,2017,862.0,10.5
VA,Virginia,2016,929.0,11.4
VA,Virginia,2015,894.0,10.9
VA,Virginia,2014,842.0,10.2
VA,Virginia,2013,805.0,9.8
VA,Virginia,2012,850.0,10.6
VA,Virginia,2011,907.0,11.4
VA,Virginia,2010,835.0,10.7
VA,Virginia,2009,831.0,10.7
VA,Virginia,2008,799.0,10.3
VA,Virginia,2007,664.0,8.6
VA,Virginia,2006,651.0,8.6
VA,Virginia,2005,684.0,9.2
VA,Virginia,2004,693.0,9.4
VA,Virginia,2003,740.0,10.0
VA,Virginia,2002,702.0,9.9
VA,Virginia,2001,564.0,8.0
VA,Virginia,2000,577.0,8.3
VA,Virginia,1999,537.0,7.9
VA,Virginia,1998,589.0,8.8
VA,Virginia,1997,858.0,12.7
VA,Virginia,1996,795.0,12.3
VA,Virginia,1995,648.0,10.2
VA,Virginia,1994,710.0,10.7
VA,Virginia,1993,627.0,9.7
VA,Virginia,1992,592.0,9.5
VA,Virginia,1991,608.0,9.9
VA,Virginia,1990,705.0,11.1
VA,Virginia,1989,671.0,10.9
VA,Virginia,1988,647.0,10.8
VA,Virginia,1987,583.0,9.9
VA,Virginia,1986,547.0,9.7
VA,Virginia,1985,558.0,10.0
VA,Virginia,1984,554.0,10.0
VA,Virginia,1983,618.0,11.3
VA,Virginia,1982,668.0,12.5
VA,Virginia,1981,662.0,12.6
VA,Virginia,1980,647.0,12.4
WA,Washington,2020,628.0,8.3
WA,Washington,2019,527.0,7.0
WA,Washington,2018,647.0,8.6
WA,Washington,2017,810.0,10.9
WA,Washington,2016,800.0,11.0
WA,Washington,2015,819.0,11.4
WA,Washington,2014,852.0,12.0
WA,Washington,2013,836.0,12.2
WA,Washington,2012,796.0,11.6
WA,Washington,2011,854.0,12.5
WA,Washington,2010,779.0,11.6
WA,Washington,2009,781.0,11.7
WA,Washington,2008,680.0,10.4
WA,Washington,2007,661.0,10.2
WA,Washington,2006,502.0,8.0
WA,Washington,2005,636.0,10.2
WA,Washington,2004,700.0,11.4
WA,Washington,2003,766.0,12.6
WA,Washington,2002,657.0,11.0
WA,Washington,2001,634.0,10.7
WA,Washington,2000,634.0,10.8
WA,Washington,1999,545.0,9.6
WA,Washington,1998,512.0,8.9
WA,Washington,1997,529.0,9.2
WA,Washington,1996,666.0,11.9
WA,Washington,1995,677.0,12.5
WA,Washington,1994,614.0,11.7
WA,Washington,1993,634.0,12.1
WA,Washington,1992,574.0,11.2
WA,Washington,1991,474.0,9.5
WA,Washington,1990,434.0,8.9
WA,Washington,1989,455.0,9.6
WA,Washington,1988,402.0,8.7
WA,Washington,1987,450.0,10.0
WA,Washington,1986,563.0,12.9
WA,Washington,1985,526.0,12.0
WA,Washington,1984,479.0,11.3
WA,Washington,1983,460.0,10.8
WA,Washington,1982,549.0,12.9
WA,Washington,1981,471.0,11.3
WA,Washington,1980,538.0,12.7
WI,Wisconsin,2020,460.0,8.0
WI,Wisconsin,2019,479.0,8.4
WI,Wisconsin,2018,499.0,8.6
WI,Wisconsin,2017,537.0,9.2
WI,Wisconsin,2016,620.0,10.7
WI,Wisconsin,2015,654.0,11.4
WI,Wisconsin,2014,628.0,10.9
WI,Wisconsin,2013,756.0,13.5
WI,Wisconsin,2012,640.0,11.4
WI,Wisconsin,2011,743.0,13.1
WI,Wisconsin,2010,567.0,10.1
WI,Wisconsin,2009,599.0,10.8
WI,Wisconsin,2008,544.0,9.8
WI,Wisconsin,2007,601.0,11.0
WI,Wisconsin,2006,555.0,10.1
WI,Wisconsin,2005,553.0,10.2
WI,Wisconsin,2004,676.0,12.4
WI,Wisconsin,2003,528.0,9.8
WI,Wisconsin,2002,467.0,8.6
WI,Wisconsin,2001,423.0,7.9
WI,Wisconsin,2000,493.0,9.3
WI,Wisconsin,1999,466.0,8.6
WI,Wisconsin,1998,449.0,8.8
WI,Wisconsin,1997,422.0,8.2
WI,Wisconsin,1996,460.0,8.8
WI,Wisconsin,1995,449.0,8.5
WI,Wisconsin,1994,453.0,9.0
WI,Wisconsin,1993,636.0,12.6
WI,Wisconsin,1992,560.0,10.9
WI,Wisconsin,1991,492.0,9.9
WI,Wisconsin,1990,448.0,9.3
WI,Wisconsin,1989,393.0,8.4
WI,Wisconsin,1988,364.0,7.8
WI,Wisconsin,1987,428.0,9.0
WI,Wisconsin,1986,501.0,10.7
WI,Wisconsin,1985,544.0,11.6
WI,Wisconsin,1984,730.0,15.5
WI,Wisconsin,1983,504.0,10.7
WI,Wisconsin,1982,452.0,9.5
WI,Wisconsin,1981,384.0,8.1
WI,Wisconsin,1980,403.0,8.5
WT,Wyoming,2020,55.0,9.8
WT,Wyoming,2019,52.0,9.2
WT,Wyoming,2018,53.0,9.5
WT,Wyoming,2017,73.0,13.0
WT,Wyoming,2016,62.0,10.9
WT,Wyoming,2015,56.0,9.8
WT,Wyoming,2014,55.0,9.7
WT,Wyoming,2013,68.0,11.4
WT,Wyoming,2012,56.0,9.6
WT,Wyoming,2011,60.0,10.7
WT,Wyoming,2010,53.0,9.6
WT,Wyoming,2009,50.0,9.2
WT,Wyoming,2008,54.0,10.1
WT,Wyoming,2007,56.0,10.9
WT,Wyoming,2006,51.0,10.0
WT,Wyoming,2005,54.0,10.6
WT,Wyoming,2004,50.0,10.0
WT,Wyoming,2003,48.0,9.8
WT,Wyoming,2002,44.0,9.0
WT,Wyoming,2001,42.0,8.7
WT,Wyoming,2000,52.0,10.8
WT,Wyoming,1999,56.0,11.6
WT,Wyoming,1998,51.0,10.6
WT,Wyoming,1997,66.0,13.5
WT,Wyoming,1996,58.0,11.9
WT,Wyoming,1995,59.0,12.2
WT,Wyoming,1994,45.0,9.3
WT,Wyoming,1993,64.0,13.3
WT,Wyoming,1992,49.0,10.3
WT,Wyoming,1991,47.0,9.9
WT,Wyoming,1990,51.0,11.0
WT,Wyoming,1989,50.0,10.9
WT,Wyoming,1988,43.0,9.6
WT,Wyoming,1987,49.0,10.8
WT,Wyoming,1986,73.0,14.6
WT,Wyoming,1985,61.0,12.0
WT,Wyoming,1984,53.0,10.9
WT,Wyoming,1983,61.0,12.6
WT,Wyoming,1982,58.0,12.0
WT,Wyoming,1981,43.0,8.9
WT,Wyoming,1980,49.0,10.4
WV,West Virginia,2020,246.0,14.1
WV,West Virginia,2019,242.0,13.9
WV,West Virginia,2018,279.0,15.9
WV,West Virginia,2017,306.0,17.1
WV,West Virginia,2016,326.0,18.0
WV,West Virginia,2015,261.0,14.5
WV,West Virginia,2014,376.0,20.6
WV,West Virginia,2013,358.0,19.8
WV,West Virginia,2012,301.0,16.7
WV,West Virginia,2011,318.0,17.5
WV,West Virginia,2010,306.0,16.8
WV,West Virginia,2009,285.0,15.8
WV,West Virginia,2008,260.0,14.5
WV,West Virginia,2007,265.0,14.8
WV,West Virginia,2006,277.0,15.3
WV,West Virginia,2005,276.0,15.4
WV,West Virginia,2004,254.0,14.2
WV,West Virginia,2003,310.0,17.4
WV,West Virginia,2002,293.0,16.8
WV,West Virginia,2001,291.0,16.4
WV,West Virginia,2000,261.0,14.7
WV,West Virginia,1999,272.0,15.7
WV,West Virginia,1998,312.0,17.8
WV,West Virginia,1997,286.0,16.4
WV,West Virginia,1996,323.0,18.5
WV,West Virginia,1995,300.0,16.7
WV,West Virginia,1994,336.0,18.6
WV,West Virginia,1993,400.0,22.2
WV,West Virginia,1992,401.0,22.3
WV,West Virginia,1991,327.0,17.9
WV,West Virginia,1990,328.0,18.1
WV,West Virginia,1989,283.0,15.7
WV,West Virginia,1988,337.0,17.9
WV,West Virginia,1987,408.0,21.6
WV,West Virginia,1986,432.0,22.4
WV,West Virginia,1985,423.0,22.3
WV,West Virginia,1984,392.0,20.4
WV,West Virginia,1983,419.0,22.1
WV,West Virginia,1982,484.0,24.8
WV,West Virginia,1981,398.0,19.9
WV,West Virginia,1980,297.0,15.2
